Run,Iteration,dim-0,dim-1,dim-2,dim-3,dim-4,dim-5,dim-6,dim-7,dim-8,dim-9,dim-10,dim-11,dim-12,dim-13,dim-14,dim-15,dim-16,dim-17,dim-18,dim-19,dim-20,dim-21,dim-22,dim-23,dim-24,dim-25,dim-26,dim-27,dim-28,dim-29,dim-30,dim-31,dim-32,dim-33,dim-34,dim-35,dim-36,dim-37,dim-38,dim-39,dim-40,dim-41,dim-42,dim-43,dim-44,dim-45,dim-46,dim-47,dim-48,dim-49,dim-50,dim-51,dim-52,dim-53,dim-54,dim-55,dim-56,dim-57,dim-58,dim-59,dim-60,dim-61,dim-62,dim-63,dim-64,dim-65,dim-66,dim-67,dim-68,dim-69,dim-70,dim-71,dim-72,dim-73,dim-74,dim-75,dim-76,dim-77,dim-78,dim-79,dim-80,dim-81,dim-82,dim-83,dim-84,dim-85,dim-86,dim-87,dim-88,dim-89,dim-90,dim-91,dim-92,dim-93,dim-94,dim-95,dim-96,dim-97,dim-98,dim-99
-1,-1,0.0,1.0,2.0,3.0,4.0,5.0,6.0,7.0,8.0,9.0,10.0,11.0,12.0,13.0,14.0,15.0,16.0,17.0,18.0,19.0,20.0,21.0,22.0,23.0,24.0,25.0,26.0,27.0,28.0,29.0,30.0,31.0,32.0,33.0,34.0,35.0,36.0,37.0,38.0,39.0,40.0,41.0,42.0,43.0,44.0,45.0,46.0,47.0,48.0,49.0,50.0,51.0,52.0,53.0,54.0,55.0,56.0,57.0,58.0,59.0,60.0,61.0,62.0,63.0,64.0,65.0,66.0,67.0,68.0,69.0,70.0,71.0,72.0,73.0,74.0,75.0,76.0,77.0,78.0,79.0,80.0,81.0,82.0,83.0,84.0,85.0,86.0,87.0,88.0,89.0,90.0,91.0,92.0,93.0,94.0,95.0,96.0,97.0,98.0,99.0
0,0,5.319147898847054,-7.000603467929093,10.786316732180987,-9.185665000868793,-4.834976469802608,11.102115255211197,13.943766280163953,5.6679447229512,-7.046697618820098,-11.900526509281748,11.672945044751469,10.58762214666266,-10.592742688094521,-13.783637561125316,-27.058285941324492,-2.3562338698017817,-8.336851141008198,2.6307177384376943,8.96723404332566,5.388254559065778,-11.81384904189277,-0.370197006818888,8.87725450270927,-2.6805477412289185,-11.20945154104857,-10.420475547369279,7.431765402928242,22.65745521908431,-14.832567538058523,21.019709361795016,4.896165359842177,12.988267485585531,5.044409251063287,-0.475279943738796,2.1103140380412215,-6.9060202069581536,-6.393277802051675,-1.9439727421358832,2.2075662447518685,1.0761410542001557,-9.515329076647742,-6.703219872277822,3.8383733021801048,0.8020188640370955,19.636192672427548,-13.599810751015351,-2.362208419398666,-9.78994648193239,-5.293370745222041,9.91770144638304,9.51909720608063,-4.897616285041904,-3.610404909534313,2.6730522991873045,1.18348293868072,-4.7053828127931645,-10.195331800732218,-22.678714644392056,5.450044412374653,2.415857155319231,10.13197381134947,-1.413727833866329,-3.529879219199609,-11.385275556569654,19.742703096816125,4.552048563751885,-14.87033968429697,13.469343023974472,-6.819130453876108,5.238065938668495,-0.7092320747789442,17.896387682807838,9.233014949632915,-8.657446195570754,4.999107784626743,-1.215961665608916,-0.8551621460974568,-14.468814659910496,2.743378917616139,20.475931697550752,-4.405514861005887,3.5914861794098245,10.040983517244483,1.5772879527991717,-9.875121023454936,1.9383563546870928,-29.321169781739798,3.705116118646554,4.008400749399201,9.979572166409536,13.260381698320836,-7.109243972609033,8.814604971610299,15.031670746207203,2.468641900603258,1.904575482132439,-9.963220800318808,14.683499878812865,-0.9523543355775386,7.927015833809173
0,1,5.217502650757468,-8.182505565282643,14.010374446686242,-8.614044277966093,-2.8210524697403967,11.836149408568613,10.905680413496555,6.3222834257637714,-6.4667421202603075,-9.833742821156116,11.685958834665735,8.472854354963212,-10.31210337274418,-13.945513980549855,-27.24716335609164,-1.6413817287487347,-7.392157397172953,2.6980026936519548,8.338328627161616,6.048947149521926,-11.06625739338855,0.4512262073822002,8.30085338452632,-2.483917033745102,-13.029767747413633,-7.805874160241556,8.315190541604125,21.618658616460444,-13.031575203592745,20.890496817146527,6.998006071927784,12.95859859467857,5.469863558875142,-0.33681351723526287,3.655902306519656,-8.234281192923401,-7.272410887150006,-1.2840648323277188,2.6618238128321714,-0.8833409753158823,-9.439884455271638,-4.935113656282448,4.040163786101243,0.6820524215222061,19.20184510363943,-14.594697149448693,-1.299446423194039,-9.112271906515,-8.446681919275035,7.103534758414364,11.330415220845225,-7.326661750318898,-2.3061915778476743,3.5302916515557827,1.986064125444555,-4.9627437436283905,-11.031884279847565,-21.908645176171657,4.897592660410063,3.6464199575178458,13.461135852342368,-2.864794309207641,-4.740396959655206,-13.685534510740341,18.26138845193404,3.224163340237689,-15.73743674274993,13.62011841272305,-6.8683267419230365,6.591792805681047,-1.81568836507566,15.54521619200975,8.885072077132874,-8.8134238474662,4.729881595219393,-0.9309401064848477,-0.583793813682175,-15.309155199584847,2.1585973625797754,22.7400263679697,-9.843198783154746,1.5222313075750522,9.880467598311842,2.7992207710805252,-9.104063139125241,3.0817369545153426,-29.790125156253367,2.669424072916816,4.847104847079511,8.881772756534675,12.666134366018802,-7.333536759574747,8.95873714471663,14.313274882735978,3.975895777497439,0.9297430436070211,-10.447376915768725,14.960800568152345,-3.0006408263238686,7.117144699444315
0,2,4.411781736378875,-7.636625026369582,14.2008901118766,-9.333178845898066,-1.03109036414114,12.404724847484045,11.330931710666086,8.741331638926116,-7.693307525810535,-10.725599658666738,8.604411488352309,6.777724874974753,-11.575612097300114,-14.006663394749566,-25.71259509200688,1.2233201733283663,-8.366661225049263,3.400937657230054,7.884771124888347,7.856303972705792,-11.618374758537602,-1.2171930191110418,6.632860632979753,-3.8522368872290333,-11.990325442007308,-6.580469968578278,7.864688382117042,19.820870317917464,-12.598502558654026,21.178965619404988,4.176392465566097,12.232578429977771,6.199456767155331,0.7565512780271573,3.809919651848724,-7.625901940522452,-6.289226714725076,-1.0004965723190635,2.048082392496852,0.5187603778038614,-8.583722387459158,-3.1989653346767155,4.410610890504725,2.0930975861469494,20.66649827684462,-15.080468248470504,-1.672762242786114,-9.81779350574278,-9.726968007997938,8.825859811436507,14.080059731609019,-8.43424170216829,-3.35703605575245,2.248639031501117,1.8594262838199764,-4.427155035596531,-13.742012183831381,-22.756919172223714,6.622737559940446,2.4932724435025264,13.071910472244644,-3.18479403322678,-4.904073872664633,-11.991849624996508,17.2211156493854,4.833717289333089,-15.730077215287347,12.516311736214856,-5.388359887544639,7.286000025660856,-1.6471293823648174,14.427014658974162,7.049743530977861,-8.78871646296526,4.1766588259295485,-1.4155930533939718,-3.0042516057764646,-12.463328930953274,4.562866352365271,23.038801500368113,-10.867165769031633,1.4065538897746652,12.214195512736568,2.6422336210706283,-11.592683816688957,2.0253838459848224,-28.51227053789789,2.812088322908375,7.143917863156921,5.9968375527059905,12.564153156301115,-5.557382887423826,8.960063607592174,16.245971602660642,1.2058025386066724,0.9175524296690645,-9.904674439714183,13.86100425687479,-2.463011427223911,4.660456952933536
0,3,4.411781736378875,-7.636625026369582,14.2008901118766,-9.333178845898066,-1.03109036414114,12.404724847484045,11.330931710666086,8.741331638926116,-7.693307525810535,-10.725599658666738,8.604411488352309,6.777724874974753,-11.575612097300114,-14.006663394749566,-25.71259509200688,1.2233201733283663,-8.366661225049263,3.400937657230054,7.884771124888347,7.856303972705792,-11.618374758537602,-1.2171930191110418,6.632860632979753,-3.8522368872290333,-11.990325442007308,-6.580469968578278,7.864688382117042,19.820870317917464,-12.598502558654026,21.178965619404988,4.176392465566097,12.232578429977771,6.199456767155331,0.7565512780271573,3.809919651848724,-7.625901940522452,-6.289226714725076,-1.0004965723190635,2.048082392496852,0.5187603778038614,-8.583722387459158,-3.1989653346767155,4.410610890504725,2.0930975861469494,20.66649827684462,-15.080468248470504,-1.672762242786114,-9.81779350574278,-9.726968007997938,8.825859811436507,14.080059731609019,-8.43424170216829,-3.35703605575245,2.248639031501117,1.8594262838199764,-4.427155035596531,-13.742012183831381,-22.756919172223714,6.622737559940446,2.4932724435025264,13.071910472244644,-3.18479403322678,-4.904073872664633,-11.991849624996508,17.2211156493854,4.833717289333089,-15.730077215287347,12.516311736214856,-5.388359887544639,7.286000025660856,-1.6471293823648174,14.427014658974162,7.049743530977861,-8.78871646296526,4.1766588259295485,-1.4155930533939718,-3.0042516057764646,-12.463328930953274,4.562866352365271,23.038801500368113,-10.867165769031633,1.4065538897746652,12.214195512736568,2.6422336210706283,-11.592683816688957,2.0253838459848224,-28.51227053789789,2.812088322908375,7.143917863156921,5.9968375527059905,12.564153156301115,-5.557382887423826,8.960063607592174,16.245971602660642,1.2058025386066724,0.9175524296690645,-9.904674439714183,13.86100425687479,-2.463011427223911,4.660456952933536
0,4,4.411781736378875,-7.636625026369582,14.2008901118766,-9.333178845898066,-1.03109036414114,12.404724847484045,11.330931710666086,8.741331638926116,-7.693307525810535,-10.725599658666738,8.604411488352309,6.777724874974753,-11.575612097300114,-14.006663394749566,-25.71259509200688,1.2233201733283663,-8.366661225049263,3.400937657230054,7.884771124888347,7.856303972705792,-11.618374758537602,-1.2171930191110418,6.632860632979753,-3.8522368872290333,-11.990325442007308,-6.580469968578278,7.864688382117042,19.820870317917464,-12.598502558654026,21.178965619404988,4.176392465566097,12.232578429977771,6.199456767155331,0.7565512780271573,3.809919651848724,-7.625901940522452,-6.289226714725076,-1.0004965723190635,2.048082392496852,0.5187603778038614,-8.583722387459158,-3.1989653346767155,4.410610890504725,2.0930975861469494,20.66649827684462,-15.080468248470504,-1.672762242786114,-9.81779350574278,-9.726968007997938,8.825859811436507,14.080059731609019,-8.43424170216829,-3.35703605575245,2.248639031501117,1.8594262838199764,-4.427155035596531,-13.742012183831381,-22.756919172223714,6.622737559940446,2.4932724435025264,13.071910472244644,-3.18479403322678,-4.904073872664633,-11.991849624996508,17.2211156493854,4.833717289333089,-15.730077215287347,12.516311736214856,-5.388359887544639,7.286000025660856,-1.6471293823648174,14.427014658974162,7.049743530977861,-8.78871646296526,4.1766588259295485,-1.4155930533939718,-3.0042516057764646,-12.463328930953274,4.562866352365271,23.038801500368113,-10.867165769031633,1.4065538897746652,12.214195512736568,2.6422336210706283,-11.592683816688957,2.0253838459848224,-28.51227053789789,2.812088322908375,7.143917863156921,5.9968375527059905,12.564153156301115,-5.557382887423826,8.960063607592174,16.245971602660642,1.2058025386066724,0.9175524296690645,-9.904674439714183,13.86100425687479,-2.463011427223911,4.660456952933536
0,5,4.411781736378875,-7.636625026369582,14.2008901118766,-9.333178845898066,-1.03109036414114,12.404724847484045,11.330931710666086,8.741331638926116,-7.693307525810535,-10.725599658666738,8.604411488352309,6.777724874974753,-11.575612097300114,-14.006663394749566,-25.71259509200688,1.2233201733283663,-8.366661225049263,3.400937657230054,7.884771124888347,7.856303972705792,-11.618374758537602,-1.2171930191110418,6.632860632979753,-3.8522368872290333,-11.990325442007308,-6.580469968578278,7.864688382117042,19.820870317917464,-12.598502558654026,21.178965619404988,4.176392465566097,12.232578429977771,6.199456767155331,0.7565512780271573,3.809919651848724,-7.625901940522452,-6.289226714725076,-1.0004965723190635,2.048082392496852,0.5187603778038614,-8.583722387459158,-3.1989653346767155,4.410610890504725,2.0930975861469494,20.66649827684462,-15.080468248470504,-1.672762242786114,-9.81779350574278,-9.726968007997938,8.825859811436507,14.080059731609019,-8.43424170216829,-3.35703605575245,2.248639031501117,1.8594262838199764,-4.427155035596531,-13.742012183831381,-22.756919172223714,6.622737559940446,2.4932724435025264,13.071910472244644,-3.18479403322678,-4.904073872664633,-11.991849624996508,17.2211156493854,4.833717289333089,-15.730077215287347,12.516311736214856,-5.388359887544639,7.286000025660856,-1.6471293823648174,14.427014658974162,7.049743530977861,-8.78871646296526,4.1766588259295485,-1.4155930533939718,-3.0042516057764646,-12.463328930953274,4.562866352365271,23.038801500368113,-10.867165769031633,1.4065538897746652,12.214195512736568,2.6422336210706283,-11.592683816688957,2.0253838459848224,-28.51227053789789,2.812088322908375,7.143917863156921,5.9968375527059905,12.564153156301115,-5.557382887423826,8.960063607592174,16.245971602660642,1.2058025386066724,0.9175524296690645,-9.904674439714183,13.86100425687479,-2.463011427223911,4.660456952933536
0,6,4.411781736378875,-7.636625026369582,14.2008901118766,-9.333178845898066,-1.03109036414114,12.404724847484045,11.330931710666086,8.741331638926116,-7.693307525810535,-10.725599658666738,8.604411488352309,6.777724874974753,-11.575612097300114,-14.006663394749566,-25.71259509200688,1.2233201733283663,-8.366661225049263,3.400937657230054,7.884771124888347,7.856303972705792,-11.618374758537602,-1.2171930191110418,6.632860632979753,-3.8522368872290333,-11.990325442007308,-6.580469968578278,7.864688382117042,19.820870317917464,-12.598502558654026,21.178965619404988,4.176392465566097,12.232578429977771,6.199456767155331,0.7565512780271573,3.809919651848724,-7.625901940522452,-6.289226714725076,-1.0004965723190635,2.048082392496852,0.5187603778038614,-8.583722387459158,-3.1989653346767155,4.410610890504725,2.0930975861469494,20.66649827684462,-15.080468248470504,-1.672762242786114,-9.81779350574278,-9.726968007997938,8.825859811436507,14.080059731609019,-8.43424170216829,-3.35703605575245,2.248639031501117,1.8594262838199764,-4.427155035596531,-13.742012183831381,-22.756919172223714,6.622737559940446,2.4932724435025264,13.071910472244644,-3.18479403322678,-4.904073872664633,-11.991849624996508,17.2211156493854,4.833717289333089,-15.730077215287347,12.516311736214856,-5.388359887544639,7.286000025660856,-1.6471293823648174,14.427014658974162,7.049743530977861,-8.78871646296526,4.1766588259295485,-1.4155930533939718,-3.0042516057764646,-12.463328930953274,4.562866352365271,23.038801500368113,-10.867165769031633,1.4065538897746652,12.214195512736568,2.6422336210706283,-11.592683816688957,2.0253838459848224,-28.51227053789789,2.812088322908375,7.143917863156921,5.9968375527059905,12.564153156301115,-5.557382887423826,8.960063607592174,16.245971602660642,1.2058025386066724,0.9175524296690645,-9.904674439714183,13.86100425687479,-2.463011427223911,4.660456952933536
0,7,4.411781736378875,-7.636625026369582,14.2008901118766,-9.333178845898066,-1.03109036414114,12.404724847484045,11.330931710666086,8.741331638926116,-7.693307525810535,-10.725599658666738,8.604411488352309,6.777724874974753,-11.575612097300114,-14.006663394749566,-25.71259509200688,1.2233201733283663,-8.366661225049263,3.400937657230054,7.884771124888347,7.856303972705792,-11.618374758537602,-1.2171930191110418,6.632860632979753,-3.8522368872290333,-11.990325442007308,-6.580469968578278,7.864688382117042,19.820870317917464,-12.598502558654026,21.178965619404988,4.176392465566097,12.232578429977771,6.199456767155331,0.7565512780271573,3.809919651848724,-7.625901940522452,-6.289226714725076,-1.0004965723190635,2.048082392496852,0.5187603778038614,-8.583722387459158,-3.1989653346767155,4.410610890504725,2.0930975861469494,20.66649827684462,-15.080468248470504,-1.672762242786114,-9.81779350574278,-9.726968007997938,8.825859811436507,14.080059731609019,-8.43424170216829,-3.35703605575245,2.248639031501117,1.8594262838199764,-4.427155035596531,-13.742012183831381,-22.756919172223714,6.622737559940446,2.4932724435025264,13.071910472244644,-3.18479403322678,-4.904073872664633,-11.991849624996508,17.2211156493854,4.833717289333089,-15.730077215287347,12.516311736214856,-5.388359887544639,7.286000025660856,-1.6471293823648174,14.427014658974162,7.049743530977861,-8.78871646296526,4.1766588259295485,-1.4155930533939718,-3.0042516057764646,-12.463328930953274,4.562866352365271,23.038801500368113,-10.867165769031633,1.4065538897746652,12.214195512736568,2.6422336210706283,-11.592683816688957,2.0253838459848224,-28.51227053789789,2.812088322908375,7.143917863156921,5.9968375527059905,12.564153156301115,-5.557382887423826,8.960063607592174,16.245971602660642,1.2058025386066724,0.9175524296690645,-9.904674439714183,13.86100425687479,-2.463011427223911,4.660456952933536
0,8,4.411781736378875,-7.636625026369582,14.2008901118766,-9.333178845898066,-1.03109036414114,12.404724847484045,11.330931710666086,8.741331638926116,-7.693307525810535,-10.725599658666738,8.604411488352309,6.777724874974753,-11.575612097300114,-14.006663394749566,-25.71259509200688,1.2233201733283663,-8.366661225049263,3.400937657230054,7.884771124888347,7.856303972705792,-11.618374758537602,-1.2171930191110418,6.632860632979753,-3.8522368872290333,-11.990325442007308,-6.580469968578278,7.864688382117042,19.820870317917464,-12.598502558654026,21.178965619404988,4.176392465566097,12.232578429977771,6.199456767155331,0.7565512780271573,3.809919651848724,-7.625901940522452,-6.289226714725076,-1.0004965723190635,2.048082392496852,0.5187603778038614,-8.583722387459158,-3.1989653346767155,4.410610890504725,2.0930975861469494,20.66649827684462,-15.080468248470504,-1.672762242786114,-9.81779350574278,-9.726968007997938,8.825859811436507,14.080059731609019,-8.43424170216829,-3.35703605575245,2.248639031501117,1.8594262838199764,-4.427155035596531,-13.742012183831381,-22.756919172223714,6.622737559940446,2.4932724435025264,13.071910472244644,-3.18479403322678,-4.904073872664633,-11.991849624996508,17.2211156493854,4.833717289333089,-15.730077215287347,12.516311736214856,-5.388359887544639,7.286000025660856,-1.6471293823648174,14.427014658974162,7.049743530977861,-8.78871646296526,4.1766588259295485,-1.4155930533939718,-3.0042516057764646,-12.463328930953274,4.562866352365271,23.038801500368113,-10.867165769031633,1.4065538897746652,12.214195512736568,2.6422336210706283,-11.592683816688957,2.0253838459848224,-28.51227053789789,2.812088322908375,7.143917863156921,5.9968375527059905,12.564153156301115,-5.557382887423826,8.960063607592174,16.245971602660642,1.2058025386066724,0.9175524296690645,-9.904674439714183,13.86100425687479,-2.463011427223911,4.660456952933536
0,9,4.411781736378875,-7.636625026369582,14.2008901118766,-9.333178845898066,-1.03109036414114,12.404724847484045,11.330931710666086,8.741331638926116,-7.693307525810535,-10.725599658666738,8.604411488352309,6.777724874974753,-11.575612097300114,-14.006663394749566,-25.71259509200688,1.2233201733283663,-8.366661225049263,3.400937657230054,7.884771124888347,7.856303972705792,-11.618374758537602,-1.2171930191110418,6.632860632979753,-3.8522368872290333,-11.990325442007308,-6.580469968578278,7.864688382117042,19.820870317917464,-12.598502558654026,21.178965619404988,4.176392465566097,12.232578429977771,6.199456767155331,0.7565512780271573,3.809919651848724,-7.625901940522452,-6.289226714725076,-1.0004965723190635,2.048082392496852,0.5187603778038614,-8.583722387459158,-3.1989653346767155,4.410610890504725,2.0930975861469494,20.66649827684462,-15.080468248470504,-1.672762242786114,-9.81779350574278,-9.726968007997938,8.825859811436507,14.080059731609019,-8.43424170216829,-3.35703605575245,2.248639031501117,1.8594262838199764,-4.427155035596531,-13.742012183831381,-22.756919172223714,6.622737559940446,2.4932724435025264,13.071910472244644,-3.18479403322678,-4.904073872664633,-11.991849624996508,17.2211156493854,4.833717289333089,-15.730077215287347,12.516311736214856,-5.388359887544639,7.286000025660856,-1.6471293823648174,14.427014658974162,7.049743530977861,-8.78871646296526,4.1766588259295485,-1.4155930533939718,-3.0042516057764646,-12.463328930953274,4.562866352365271,23.038801500368113,-10.867165769031633,1.4065538897746652,12.214195512736568,2.6422336210706283,-11.592683816688957,2.0253838459848224,-28.51227053789789,2.812088322908375,7.143917863156921,5.9968375527059905,12.564153156301115,-5.557382887423826,8.960063607592174,16.245971602660642,1.2058025386066724,0.9175524296690645,-9.904674439714183,13.86100425687479,-2.463011427223911,4.660456952933536
0,10,4.411781736378875,-7.636625026369582,14.2008901118766,-9.333178845898066,-1.03109036414114,12.404724847484045,11.330931710666086,8.741331638926116,-7.693307525810535,-10.725599658666738,8.604411488352309,6.777724874974753,-11.575612097300114,-14.006663394749566,-25.71259509200688,1.2233201733283663,-8.366661225049263,3.400937657230054,7.884771124888347,7.856303972705792,-11.618374758537602,-1.2171930191110418,6.632860632979753,-3.8522368872290333,-11.990325442007308,-6.580469968578278,7.864688382117042,19.820870317917464,-12.598502558654026,21.178965619404988,4.176392465566097,12.232578429977771,6.199456767155331,0.7565512780271573,3.809919651848724,-7.625901940522452,-6.289226714725076,-1.0004965723190635,2.048082392496852,0.5187603778038614,-8.583722387459158,-3.1989653346767155,4.410610890504725,2.0930975861469494,20.66649827684462,-15.080468248470504,-1.672762242786114,-9.81779350574278,-9.726968007997938,8.825859811436507,14.080059731609019,-8.43424170216829,-3.35703605575245,2.248639031501117,1.8594262838199764,-4.427155035596531,-13.742012183831381,-22.756919172223714,6.622737559940446,2.4932724435025264,13.071910472244644,-3.18479403322678,-4.904073872664633,-11.991849624996508,17.2211156493854,4.833717289333089,-15.730077215287347,12.516311736214856,-5.388359887544639,7.286000025660856,-1.6471293823648174,14.427014658974162,7.049743530977861,-8.78871646296526,4.1766588259295485,-1.4155930533939718,-3.0042516057764646,-12.463328930953274,4.562866352365271,23.038801500368113,-10.867165769031633,1.4065538897746652,12.214195512736568,2.6422336210706283,-11.592683816688957,2.0253838459848224,-28.51227053789789,2.812088322908375,7.143917863156921,5.9968375527059905,12.564153156301115,-5.557382887423826,8.960063607592174,16.245971602660642,1.2058025386066724,0.9175524296690645,-9.904674439714183,13.86100425687479,-2.463011427223911,4.660456952933536
0,11,4.411781736378875,-7.636625026369582,14.2008901118766,-9.333178845898066,-1.03109036414114,12.404724847484045,11.330931710666086,8.741331638926116,-7.693307525810535,-10.725599658666738,8.604411488352309,6.777724874974753,-11.575612097300114,-14.006663394749566,-25.71259509200688,1.2233201733283663,-8.366661225049263,3.400937657230054,7.884771124888347,7.856303972705792,-11.618374758537602,-1.2171930191110418,6.632860632979753,-3.8522368872290333,-11.990325442007308,-6.580469968578278,7.864688382117042,19.820870317917464,-12.598502558654026,21.178965619404988,4.176392465566097,12.232578429977771,6.199456767155331,0.7565512780271573,3.809919651848724,-7.625901940522452,-6.289226714725076,-1.0004965723190635,2.048082392496852,0.5187603778038614,-8.583722387459158,-3.1989653346767155,4.410610890504725,2.0930975861469494,20.66649827684462,-15.080468248470504,-1.672762242786114,-9.81779350574278,-9.726968007997938,8.825859811436507,14.080059731609019,-8.43424170216829,-3.35703605575245,2.248639031501117,1.8594262838199764,-4.427155035596531,-13.742012183831381,-22.756919172223714,6.622737559940446,2.4932724435025264,13.071910472244644,-3.18479403322678,-4.904073872664633,-11.991849624996508,17.2211156493854,4.833717289333089,-15.730077215287347,12.516311736214856,-5.388359887544639,7.286000025660856,-1.6471293823648174,14.427014658974162,7.049743530977861,-8.78871646296526,4.1766588259295485,-1.4155930533939718,-3.0042516057764646,-12.463328930953274,4.562866352365271,23.038801500368113,-10.867165769031633,1.4065538897746652,12.214195512736568,2.6422336210706283,-11.592683816688957,2.0253838459848224,-28.51227053789789,2.812088322908375,7.143917863156921,5.9968375527059905,12.564153156301115,-5.557382887423826,8.960063607592174,16.245971602660642,1.2058025386066724,0.9175524296690645,-9.904674439714183,13.86100425687479,-2.463011427223911,4.660456952933536
0,12,4.411781736378875,-7.636625026369582,14.2008901118766,-9.333178845898066,-1.03109036414114,12.404724847484045,11.330931710666086,8.741331638926116,-7.693307525810535,-10.725599658666738,8.604411488352309,6.777724874974753,-11.575612097300114,-14.006663394749566,-25.71259509200688,1.2233201733283663,-8.366661225049263,3.400937657230054,7.884771124888347,7.856303972705792,-11.618374758537602,-1.2171930191110418,6.632860632979753,-3.8522368872290333,-11.990325442007308,-6.580469968578278,7.864688382117042,19.820870317917464,-12.598502558654026,21.178965619404988,4.176392465566097,12.232578429977771,6.199456767155331,0.7565512780271573,3.809919651848724,-7.625901940522452,-6.289226714725076,-1.0004965723190635,2.048082392496852,0.5187603778038614,-8.583722387459158,-3.1989653346767155,4.410610890504725,2.0930975861469494,20.66649827684462,-15.080468248470504,-1.672762242786114,-9.81779350574278,-9.726968007997938,8.825859811436507,14.080059731609019,-8.43424170216829,-3.35703605575245,2.248639031501117,1.8594262838199764,-4.427155035596531,-13.742012183831381,-22.756919172223714,6.622737559940446,2.4932724435025264,13.071910472244644,-3.18479403322678,-4.904073872664633,-11.991849624996508,17.2211156493854,4.833717289333089,-15.730077215287347,12.516311736214856,-5.388359887544639,7.286000025660856,-1.6471293823648174,14.427014658974162,7.049743530977861,-8.78871646296526,4.1766588259295485,-1.4155930533939718,-3.0042516057764646,-12.463328930953274,4.562866352365271,23.038801500368113,-10.867165769031633,1.4065538897746652,12.214195512736568,2.6422336210706283,-11.592683816688957,2.0253838459848224,-28.51227053789789,2.812088322908375,7.143917863156921,5.9968375527059905,12.564153156301115,-5.557382887423826,8.960063607592174,16.245971602660642,1.2058025386066724,0.9175524296690645,-9.904674439714183,13.86100425687479,-2.463011427223911,4.660456952933536
0,13,4.411781736378875,-7.636625026369582,14.2008901118766,-9.333178845898066,-1.03109036414114,12.404724847484045,11.330931710666086,8.741331638926116,-7.693307525810535,-10.725599658666738,8.604411488352309,6.777724874974753,-11.575612097300114,-14.006663394749566,-25.71259509200688,1.2233201733283663,-8.366661225049263,3.400937657230054,7.884771124888347,7.856303972705792,-11.618374758537602,-1.2171930191110418,6.632860632979753,-3.8522368872290333,-11.990325442007308,-6.580469968578278,7.864688382117042,19.820870317917464,-12.598502558654026,21.178965619404988,4.176392465566097,12.232578429977771,6.199456767155331,0.7565512780271573,3.809919651848724,-7.625901940522452,-6.289226714725076,-1.0004965723190635,2.048082392496852,0.5187603778038614,-8.583722387459158,-3.1989653346767155,4.410610890504725,2.0930975861469494,20.66649827684462,-15.080468248470504,-1.672762242786114,-9.81779350574278,-9.726968007997938,8.825859811436507,14.080059731609019,-8.43424170216829,-3.35703605575245,2.248639031501117,1.8594262838199764,-4.427155035596531,-13.742012183831381,-22.756919172223714,6.622737559940446,2.4932724435025264,13.071910472244644,-3.18479403322678,-4.904073872664633,-11.991849624996508,17.2211156493854,4.833717289333089,-15.730077215287347,12.516311736214856,-5.388359887544639,7.286000025660856,-1.6471293823648174,14.427014658974162,7.049743530977861,-8.78871646296526,4.1766588259295485,-1.4155930533939718,-3.0042516057764646,-12.463328930953274,4.562866352365271,23.038801500368113,-10.867165769031633,1.4065538897746652,12.214195512736568,2.6422336210706283,-11.592683816688957,2.0253838459848224,-28.51227053789789,2.812088322908375,7.143917863156921,5.9968375527059905,12.564153156301115,-5.557382887423826,8.960063607592174,16.245971602660642,1.2058025386066724,0.9175524296690645,-9.904674439714183,13.86100425687479,-2.463011427223911,4.660456952933536
0,14,4.411781736378875,-7.636625026369582,14.2008901118766,-9.333178845898066,-1.03109036414114,12.404724847484045,11.330931710666086,8.741331638926116,-7.693307525810535,-10.725599658666738,8.604411488352309,6.777724874974753,-11.575612097300114,-14.006663394749566,-25.71259509200688,1.2233201733283663,-8.366661225049263,3.400937657230054,7.884771124888347,7.856303972705792,-11.618374758537602,-1.2171930191110418,6.632860632979753,-3.8522368872290333,-11.990325442007308,-6.580469968578278,7.864688382117042,19.820870317917464,-12.598502558654026,21.178965619404988,4.176392465566097,12.232578429977771,6.199456767155331,0.7565512780271573,3.809919651848724,-7.625901940522452,-6.289226714725076,-1.0004965723190635,2.048082392496852,0.5187603778038614,-8.583722387459158,-3.1989653346767155,4.410610890504725,2.0930975861469494,20.66649827684462,-15.080468248470504,-1.672762242786114,-9.81779350574278,-9.726968007997938,8.825859811436507,14.080059731609019,-8.43424170216829,-3.35703605575245,2.248639031501117,1.8594262838199764,-4.427155035596531,-13.742012183831381,-22.756919172223714,6.622737559940446,2.4932724435025264,13.071910472244644,-3.18479403322678,-4.904073872664633,-11.991849624996508,17.2211156493854,4.833717289333089,-15.730077215287347,12.516311736214856,-5.388359887544639,7.286000025660856,-1.6471293823648174,14.427014658974162,7.049743530977861,-8.78871646296526,4.1766588259295485,-1.4155930533939718,-3.0042516057764646,-12.463328930953274,4.562866352365271,23.038801500368113,-10.867165769031633,1.4065538897746652,12.214195512736568,2.6422336210706283,-11.592683816688957,2.0253838459848224,-28.51227053789789,2.812088322908375,7.143917863156921,5.9968375527059905,12.564153156301115,-5.557382887423826,8.960063607592174,16.245971602660642,1.2058025386066724,0.9175524296690645,-9.904674439714183,13.86100425687479,-2.463011427223911,4.660456952933536
0,15,4.411781736378875,-7.636625026369582,14.2008901118766,-9.333178845898066,-1.03109036414114,12.404724847484045,11.330931710666086,8.741331638926116,-7.693307525810535,-10.725599658666738,8.604411488352309,6.777724874974753,-11.575612097300114,-14.006663394749566,-25.71259509200688,1.2233201733283663,-8.366661225049263,3.400937657230054,7.884771124888347,7.856303972705792,-11.618374758537602,-1.2171930191110418,6.632860632979753,-3.8522368872290333,-11.990325442007308,-6.580469968578278,7.864688382117042,19.820870317917464,-12.598502558654026,21.178965619404988,4.176392465566097,12.232578429977771,6.199456767155331,0.7565512780271573,3.809919651848724,-7.625901940522452,-6.289226714725076,-1.0004965723190635,2.048082392496852,0.5187603778038614,-8.583722387459158,-3.1989653346767155,4.410610890504725,2.0930975861469494,20.66649827684462,-15.080468248470504,-1.672762242786114,-9.81779350574278,-9.726968007997938,8.825859811436507,14.080059731609019,-8.43424170216829,-3.35703605575245,2.248639031501117,1.8594262838199764,-4.427155035596531,-13.742012183831381,-22.756919172223714,6.622737559940446,2.4932724435025264,13.071910472244644,-3.18479403322678,-4.904073872664633,-11.991849624996508,17.2211156493854,4.833717289333089,-15.730077215287347,12.516311736214856,-5.388359887544639,7.286000025660856,-1.6471293823648174,14.427014658974162,7.049743530977861,-8.78871646296526,4.1766588259295485,-1.4155930533939718,-3.0042516057764646,-12.463328930953274,4.562866352365271,23.038801500368113,-10.867165769031633,1.4065538897746652,12.214195512736568,2.6422336210706283,-11.592683816688957,2.0253838459848224,-28.51227053789789,2.812088322908375,7.143917863156921,5.9968375527059905,12.564153156301115,-5.557382887423826,8.960063607592174,16.245971602660642,1.2058025386066724,0.9175524296690645,-9.904674439714183,13.86100425687479,-2.463011427223911,4.660456952933536
0,16,4.411781736378875,-7.636625026369582,14.2008901118766,-9.333178845898066,-1.03109036414114,12.404724847484045,11.330931710666086,8.741331638926116,-7.693307525810535,-10.725599658666738,8.604411488352309,6.777724874974753,-11.575612097300114,-14.006663394749566,-25.71259509200688,1.2233201733283663,-8.366661225049263,3.400937657230054,7.884771124888347,7.856303972705792,-11.618374758537602,-1.2171930191110418,6.632860632979753,-3.8522368872290333,-11.990325442007308,-6.580469968578278,7.864688382117042,19.820870317917464,-12.598502558654026,21.178965619404988,4.176392465566097,12.232578429977771,6.199456767155331,0.7565512780271573,3.809919651848724,-7.625901940522452,-6.289226714725076,-1.0004965723190635,2.048082392496852,0.5187603778038614,-8.583722387459158,-3.1989653346767155,4.410610890504725,2.0930975861469494,20.66649827684462,-15.080468248470504,-1.672762242786114,-9.81779350574278,-9.726968007997938,8.825859811436507,14.080059731609019,-8.43424170216829,-3.35703605575245,2.248639031501117,1.8594262838199764,-4.427155035596531,-13.742012183831381,-22.756919172223714,6.622737559940446,2.4932724435025264,13.071910472244644,-3.18479403322678,-4.904073872664633,-11.991849624996508,17.2211156493854,4.833717289333089,-15.730077215287347,12.516311736214856,-5.388359887544639,7.286000025660856,-1.6471293823648174,14.427014658974162,7.049743530977861,-8.78871646296526,4.1766588259295485,-1.4155930533939718,-3.0042516057764646,-12.463328930953274,4.562866352365271,23.038801500368113,-10.867165769031633,1.4065538897746652,12.214195512736568,2.6422336210706283,-11.592683816688957,2.0253838459848224,-28.51227053789789,2.812088322908375,7.143917863156921,5.9968375527059905,12.564153156301115,-5.557382887423826,8.960063607592174,16.245971602660642,1.2058025386066724,0.9175524296690645,-9.904674439714183,13.86100425687479,-2.463011427223911,4.660456952933536
0,17,4.411781736378875,-7.636625026369582,14.2008901118766,-9.333178845898066,-1.03109036414114,12.404724847484045,11.330931710666086,8.741331638926116,-7.693307525810535,-10.725599658666738,8.604411488352309,6.777724874974753,-11.575612097300114,-14.006663394749566,-25.71259509200688,1.2233201733283663,-8.366661225049263,3.400937657230054,7.884771124888347,7.856303972705792,-11.618374758537602,-1.2171930191110418,6.632860632979753,-3.8522368872290333,-11.990325442007308,-6.580469968578278,7.864688382117042,19.820870317917464,-12.598502558654026,21.178965619404988,4.176392465566097,12.232578429977771,6.199456767155331,0.7565512780271573,3.809919651848724,-7.625901940522452,-6.289226714725076,-1.0004965723190635,2.048082392496852,0.5187603778038614,-8.583722387459158,-3.1989653346767155,4.410610890504725,2.0930975861469494,20.66649827684462,-15.080468248470504,-1.672762242786114,-9.81779350574278,-9.726968007997938,8.825859811436507,14.080059731609019,-8.43424170216829,-3.35703605575245,2.248639031501117,1.8594262838199764,-4.427155035596531,-13.742012183831381,-22.756919172223714,6.622737559940446,2.4932724435025264,13.071910472244644,-3.18479403322678,-4.904073872664633,-11.991849624996508,17.2211156493854,4.833717289333089,-15.730077215287347,12.516311736214856,-5.388359887544639,7.286000025660856,-1.6471293823648174,14.427014658974162,7.049743530977861,-8.78871646296526,4.1766588259295485,-1.4155930533939718,-3.0042516057764646,-12.463328930953274,4.562866352365271,23.038801500368113,-10.867165769031633,1.4065538897746652,12.214195512736568,2.6422336210706283,-11.592683816688957,2.0253838459848224,-28.51227053789789,2.812088322908375,7.143917863156921,5.9968375527059905,12.564153156301115,-5.557382887423826,8.960063607592174,16.245971602660642,1.2058025386066724,0.9175524296690645,-9.904674439714183,13.86100425687479,-2.463011427223911,4.660456952933536
0,18,4.411781736378875,-7.636625026369582,14.2008901118766,-9.333178845898066,-1.03109036414114,12.404724847484045,11.330931710666086,8.741331638926116,-7.693307525810535,-10.725599658666738,8.604411488352309,6.777724874974753,-11.575612097300114,-14.006663394749566,-25.71259509200688,1.2233201733283663,-8.366661225049263,3.400937657230054,7.884771124888347,7.856303972705792,-11.618374758537602,-1.2171930191110418,6.632860632979753,-3.8522368872290333,-11.990325442007308,-6.580469968578278,7.864688382117042,19.820870317917464,-12.598502558654026,21.178965619404988,4.176392465566097,12.232578429977771,6.199456767155331,0.7565512780271573,3.809919651848724,-7.625901940522452,-6.289226714725076,-1.0004965723190635,2.048082392496852,0.5187603778038614,-8.583722387459158,-3.1989653346767155,4.410610890504725,2.0930975861469494,20.66649827684462,-15.080468248470504,-1.672762242786114,-9.81779350574278,-9.726968007997938,8.825859811436507,14.080059731609019,-8.43424170216829,-3.35703605575245,2.248639031501117,1.8594262838199764,-4.427155035596531,-13.742012183831381,-22.756919172223714,6.622737559940446,2.4932724435025264,13.071910472244644,-3.18479403322678,-4.904073872664633,-11.991849624996508,17.2211156493854,4.833717289333089,-15.730077215287347,12.516311736214856,-5.388359887544639,7.286000025660856,-1.6471293823648174,14.427014658974162,7.049743530977861,-8.78871646296526,4.1766588259295485,-1.4155930533939718,-3.0042516057764646,-12.463328930953274,4.562866352365271,23.038801500368113,-10.867165769031633,1.4065538897746652,12.214195512736568,2.6422336210706283,-11.592683816688957,2.0253838459848224,-28.51227053789789,2.812088322908375,7.143917863156921,5.9968375527059905,12.564153156301115,-5.557382887423826,8.960063607592174,16.245971602660642,1.2058025386066724,0.9175524296690645,-9.904674439714183,13.86100425687479,-2.463011427223911,4.660456952933536
0,19,4.411781736378875,-7.636625026369582,14.2008901118766,-9.333178845898066,-1.03109036414114,12.404724847484045,11.330931710666086,8.741331638926116,-7.693307525810535,-10.725599658666738,8.604411488352309,6.777724874974753,-11.575612097300114,-14.006663394749566,-25.71259509200688,1.2233201733283663,-8.366661225049263,3.400937657230054,7.884771124888347,7.856303972705792,-11.618374758537602,-1.2171930191110418,6.632860632979753,-3.8522368872290333,-11.990325442007308,-6.580469968578278,7.864688382117042,19.820870317917464,-12.598502558654026,21.178965619404988,4.176392465566097,12.232578429977771,6.199456767155331,0.7565512780271573,3.809919651848724,-7.625901940522452,-6.289226714725076,-1.0004965723190635,2.048082392496852,0.5187603778038614,-8.583722387459158,-3.1989653346767155,4.410610890504725,2.0930975861469494,20.66649827684462,-15.080468248470504,-1.672762242786114,-9.81779350574278,-9.726968007997938,8.825859811436507,14.080059731609019,-8.43424170216829,-3.35703605575245,2.248639031501117,1.8594262838199764,-4.427155035596531,-13.742012183831381,-22.756919172223714,6.622737559940446,2.4932724435025264,13.071910472244644,-3.18479403322678,-4.904073872664633,-11.991849624996508,17.2211156493854,4.833717289333089,-15.730077215287347,12.516311736214856,-5.388359887544639,7.286000025660856,-1.6471293823648174,14.427014658974162,7.049743530977861,-8.78871646296526,4.1766588259295485,-1.4155930533939718,-3.0042516057764646,-12.463328930953274,4.562866352365271,23.038801500368113,-10.867165769031633,1.4065538897746652,12.214195512736568,2.6422336210706283,-11.592683816688957,2.0253838459848224,-28.51227053789789,2.812088322908375,7.143917863156921,5.9968375527059905,12.564153156301115,-5.557382887423826,8.960063607592174,16.245971602660642,1.2058025386066724,0.9175524296690645,-9.904674439714183,13.86100425687479,-2.463011427223911,4.660456952933536
0,20,4.411781736378875,-7.636625026369582,14.2008901118766,-9.333178845898066,-1.03109036414114,12.404724847484045,11.330931710666086,8.741331638926116,-7.693307525810535,-10.725599658666738,8.604411488352309,6.777724874974753,-11.575612097300114,-14.006663394749566,-25.71259509200688,1.2233201733283663,-8.366661225049263,3.400937657230054,7.884771124888347,7.856303972705792,-11.618374758537602,-1.2171930191110418,6.632860632979753,-3.8522368872290333,-11.990325442007308,-6.580469968578278,7.864688382117042,19.820870317917464,-12.598502558654026,21.178965619404988,4.176392465566097,12.232578429977771,6.199456767155331,0.7565512780271573,3.809919651848724,-7.625901940522452,-6.289226714725076,-1.0004965723190635,2.048082392496852,0.5187603778038614,-8.583722387459158,-3.1989653346767155,4.410610890504725,2.0930975861469494,20.66649827684462,-15.080468248470504,-1.672762242786114,-9.81779350574278,-9.726968007997938,8.825859811436507,14.080059731609019,-8.43424170216829,-3.35703605575245,2.248639031501117,1.8594262838199764,-4.427155035596531,-13.742012183831381,-22.756919172223714,6.622737559940446,2.4932724435025264,13.071910472244644,-3.18479403322678,-4.904073872664633,-11.991849624996508,17.2211156493854,4.833717289333089,-15.730077215287347,12.516311736214856,-5.388359887544639,7.286000025660856,-1.6471293823648174,14.427014658974162,7.049743530977861,-8.78871646296526,4.1766588259295485,-1.4155930533939718,-3.0042516057764646,-12.463328930953274,4.562866352365271,23.038801500368113,-10.867165769031633,1.4065538897746652,12.214195512736568,2.6422336210706283,-11.592683816688957,2.0253838459848224,-28.51227053789789,2.812088322908375,7.143917863156921,5.9968375527059905,12.564153156301115,-5.557382887423826,8.960063607592174,16.245971602660642,1.2058025386066724,0.9175524296690645,-9.904674439714183,13.86100425687479,-2.463011427223911,4.660456952933536
0,21,4.411781736378875,-7.636625026369582,14.2008901118766,-9.333178845898066,-1.03109036414114,12.404724847484045,11.330931710666086,8.741331638926116,-7.693307525810535,-10.725599658666738,8.604411488352309,6.777724874974753,-11.575612097300114,-14.006663394749566,-25.71259509200688,1.2233201733283663,-8.366661225049263,3.400937657230054,7.884771124888347,7.856303972705792,-11.618374758537602,-1.2171930191110418,6.632860632979753,-3.8522368872290333,-11.990325442007308,-6.580469968578278,7.864688382117042,19.820870317917464,-12.598502558654026,21.178965619404988,4.176392465566097,12.232578429977771,6.199456767155331,0.7565512780271573,3.809919651848724,-7.625901940522452,-6.289226714725076,-1.0004965723190635,2.048082392496852,0.5187603778038614,-8.583722387459158,-3.1989653346767155,4.410610890504725,2.0930975861469494,20.66649827684462,-15.080468248470504,-1.672762242786114,-9.81779350574278,-9.726968007997938,8.825859811436507,14.080059731609019,-8.43424170216829,-3.35703605575245,2.248639031501117,1.8594262838199764,-4.427155035596531,-13.742012183831381,-22.756919172223714,6.622737559940446,2.4932724435025264,13.071910472244644,-3.18479403322678,-4.904073872664633,-11.991849624996508,17.2211156493854,4.833717289333089,-15.730077215287347,12.516311736214856,-5.388359887544639,7.286000025660856,-1.6471293823648174,14.427014658974162,7.049743530977861,-8.78871646296526,4.1766588259295485,-1.4155930533939718,-3.0042516057764646,-12.463328930953274,4.562866352365271,23.038801500368113,-10.867165769031633,1.4065538897746652,12.214195512736568,2.6422336210706283,-11.592683816688957,2.0253838459848224,-28.51227053789789,2.812088322908375,7.143917863156921,5.9968375527059905,12.564153156301115,-5.557382887423826,8.960063607592174,16.245971602660642,1.2058025386066724,0.9175524296690645,-9.904674439714183,13.86100425687479,-2.463011427223911,4.660456952933536
0,22,4.411781736378875,-7.636625026369582,14.2008901118766,-9.333178845898066,-1.03109036414114,12.404724847484045,11.330931710666086,8.741331638926116,-7.693307525810535,-10.725599658666738,8.604411488352309,6.777724874974753,-11.575612097300114,-14.006663394749566,-25.71259509200688,1.2233201733283663,-8.366661225049263,3.400937657230054,7.884771124888347,7.856303972705792,-11.618374758537602,-1.2171930191110418,6.632860632979753,-3.8522368872290333,-11.990325442007308,-6.580469968578278,7.864688382117042,19.820870317917464,-12.598502558654026,21.178965619404988,4.176392465566097,12.232578429977771,6.199456767155331,0.7565512780271573,3.809919651848724,-7.625901940522452,-6.289226714725076,-1.0004965723190635,2.048082392496852,0.5187603778038614,-8.583722387459158,-3.1989653346767155,4.410610890504725,2.0930975861469494,20.66649827684462,-15.080468248470504,-1.672762242786114,-9.81779350574278,-9.726968007997938,8.825859811436507,14.080059731609019,-8.43424170216829,-3.35703605575245,2.248639031501117,1.8594262838199764,-4.427155035596531,-13.742012183831381,-22.756919172223714,6.622737559940446,2.4932724435025264,13.071910472244644,-3.18479403322678,-4.904073872664633,-11.991849624996508,17.2211156493854,4.833717289333089,-15.730077215287347,12.516311736214856,-5.388359887544639,7.286000025660856,-1.6471293823648174,14.427014658974162,7.049743530977861,-8.78871646296526,4.1766588259295485,-1.4155930533939718,-3.0042516057764646,-12.463328930953274,4.562866352365271,23.038801500368113,-10.867165769031633,1.4065538897746652,12.214195512736568,2.6422336210706283,-11.592683816688957,2.0253838459848224,-28.51227053789789,2.812088322908375,7.143917863156921,5.9968375527059905,12.564153156301115,-5.557382887423826,8.960063607592174,16.245971602660642,1.2058025386066724,0.9175524296690645,-9.904674439714183,13.86100425687479,-2.463011427223911,4.660456952933536
0,23,4.411781736378875,-7.636625026369582,14.2008901118766,-9.333178845898066,-1.03109036414114,12.404724847484045,11.330931710666086,8.741331638926116,-7.693307525810535,-10.725599658666738,8.604411488352309,6.777724874974753,-11.575612097300114,-14.006663394749566,-25.71259509200688,1.2233201733283663,-8.366661225049263,3.400937657230054,7.884771124888347,7.856303972705792,-11.618374758537602,-1.2171930191110418,6.632860632979753,-3.8522368872290333,-11.990325442007308,-6.580469968578278,7.864688382117042,19.820870317917464,-12.598502558654026,21.178965619404988,4.176392465566097,12.232578429977771,6.199456767155331,0.7565512780271573,3.809919651848724,-7.625901940522452,-6.289226714725076,-1.0004965723190635,2.048082392496852,0.5187603778038614,-8.583722387459158,-3.1989653346767155,4.410610890504725,2.0930975861469494,20.66649827684462,-15.080468248470504,-1.672762242786114,-9.81779350574278,-9.726968007997938,8.825859811436507,14.080059731609019,-8.43424170216829,-3.35703605575245,2.248639031501117,1.8594262838199764,-4.427155035596531,-13.742012183831381,-22.756919172223714,6.622737559940446,2.4932724435025264,13.071910472244644,-3.18479403322678,-4.904073872664633,-11.991849624996508,17.2211156493854,4.833717289333089,-15.730077215287347,12.516311736214856,-5.388359887544639,7.286000025660856,-1.6471293823648174,14.427014658974162,7.049743530977861,-8.78871646296526,4.1766588259295485,-1.4155930533939718,-3.0042516057764646,-12.463328930953274,4.562866352365271,23.038801500368113,-10.867165769031633,1.4065538897746652,12.214195512736568,2.6422336210706283,-11.592683816688957,2.0253838459848224,-28.51227053789789,2.812088322908375,7.143917863156921,5.9968375527059905,12.564153156301115,-5.557382887423826,8.960063607592174,16.245971602660642,1.2058025386066724,0.9175524296690645,-9.904674439714183,13.86100425687479,-2.463011427223911,4.660456952933536
0,24,4.411781736378875,-7.636625026369582,14.2008901118766,-9.333178845898066,-1.03109036414114,12.404724847484045,11.330931710666086,8.741331638926116,-7.693307525810535,-10.725599658666738,8.604411488352309,6.777724874974753,-11.575612097300114,-14.006663394749566,-25.71259509200688,1.2233201733283663,-8.366661225049263,3.400937657230054,7.884771124888347,7.856303972705792,-11.618374758537602,-1.2171930191110418,6.632860632979753,-3.8522368872290333,-11.990325442007308,-6.580469968578278,7.864688382117042,19.820870317917464,-12.598502558654026,21.178965619404988,4.176392465566097,12.232578429977771,6.199456767155331,0.7565512780271573,3.809919651848724,-7.625901940522452,-6.289226714725076,-1.0004965723190635,2.048082392496852,0.5187603778038614,-8.583722387459158,-3.1989653346767155,4.410610890504725,2.0930975861469494,20.66649827684462,-15.080468248470504,-1.672762242786114,-9.81779350574278,-9.726968007997938,8.825859811436507,14.080059731609019,-8.43424170216829,-3.35703605575245,2.248639031501117,1.8594262838199764,-4.427155035596531,-13.742012183831381,-22.756919172223714,6.622737559940446,2.4932724435025264,13.071910472244644,-3.18479403322678,-4.904073872664633,-11.991849624996508,17.2211156493854,4.833717289333089,-15.730077215287347,12.516311736214856,-5.388359887544639,7.286000025660856,-1.6471293823648174,14.427014658974162,7.049743530977861,-8.78871646296526,4.1766588259295485,-1.4155930533939718,-3.0042516057764646,-12.463328930953274,4.562866352365271,23.038801500368113,-10.867165769031633,1.4065538897746652,12.214195512736568,2.6422336210706283,-11.592683816688957,2.0253838459848224,-28.51227053789789,2.812088322908375,7.143917863156921,5.9968375527059905,12.564153156301115,-5.557382887423826,8.960063607592174,16.245971602660642,1.2058025386066724,0.9175524296690645,-9.904674439714183,13.86100425687479,-2.463011427223911,4.660456952933536
0,25,4.411781736378875,-7.636625026369582,14.2008901118766,-9.333178845898066,-1.03109036414114,12.404724847484045,11.330931710666086,8.741331638926116,-7.693307525810535,-10.725599658666738,8.604411488352309,6.777724874974753,-11.575612097300114,-14.006663394749566,-25.71259509200688,1.2233201733283663,-8.366661225049263,3.400937657230054,7.884771124888347,7.856303972705792,-11.618374758537602,-1.2171930191110418,6.632860632979753,-3.8522368872290333,-11.990325442007308,-6.580469968578278,7.864688382117042,19.820870317917464,-12.598502558654026,21.178965619404988,4.176392465566097,12.232578429977771,6.199456767155331,0.7565512780271573,3.809919651848724,-7.625901940522452,-6.289226714725076,-1.0004965723190635,2.048082392496852,0.5187603778038614,-8.583722387459158,-3.1989653346767155,4.410610890504725,2.0930975861469494,20.66649827684462,-15.080468248470504,-1.672762242786114,-9.81779350574278,-9.726968007997938,8.825859811436507,14.080059731609019,-8.43424170216829,-3.35703605575245,2.248639031501117,1.8594262838199764,-4.427155035596531,-13.742012183831381,-22.756919172223714,6.622737559940446,2.4932724435025264,13.071910472244644,-3.18479403322678,-4.904073872664633,-11.991849624996508,17.2211156493854,4.833717289333089,-15.730077215287347,12.516311736214856,-5.388359887544639,7.286000025660856,-1.6471293823648174,14.427014658974162,7.049743530977861,-8.78871646296526,4.1766588259295485,-1.4155930533939718,-3.0042516057764646,-12.463328930953274,4.562866352365271,23.038801500368113,-10.867165769031633,1.4065538897746652,12.214195512736568,2.6422336210706283,-11.592683816688957,2.0253838459848224,-28.51227053789789,2.812088322908375,7.143917863156921,5.9968375527059905,12.564153156301115,-5.557382887423826,8.960063607592174,16.245971602660642,1.2058025386066724,0.9175524296690645,-9.904674439714183,13.86100425687479,-2.463011427223911,4.660456952933536
0,26,4.411781736378875,-7.636625026369582,14.2008901118766,-9.333178845898066,-1.03109036414114,12.404724847484045,11.330931710666086,8.741331638926116,-7.693307525810535,-10.725599658666738,8.604411488352309,6.777724874974753,-11.575612097300114,-14.006663394749566,-25.71259509200688,1.2233201733283663,-8.366661225049263,3.400937657230054,7.884771124888347,7.856303972705792,-11.618374758537602,-1.2171930191110418,6.632860632979753,-3.8522368872290333,-11.990325442007308,-6.580469968578278,7.864688382117042,19.820870317917464,-12.598502558654026,21.178965619404988,4.176392465566097,12.232578429977771,6.199456767155331,0.7565512780271573,3.809919651848724,-7.625901940522452,-6.289226714725076,-1.0004965723190635,2.048082392496852,0.5187603778038614,-8.583722387459158,-3.1989653346767155,4.410610890504725,2.0930975861469494,20.66649827684462,-15.080468248470504,-1.672762242786114,-9.81779350574278,-9.726968007997938,8.825859811436507,14.080059731609019,-8.43424170216829,-3.35703605575245,2.248639031501117,1.8594262838199764,-4.427155035596531,-13.742012183831381,-22.756919172223714,6.622737559940446,2.4932724435025264,13.071910472244644,-3.18479403322678,-4.904073872664633,-11.991849624996508,17.2211156493854,4.833717289333089,-15.730077215287347,12.516311736214856,-5.388359887544639,7.286000025660856,-1.6471293823648174,14.427014658974162,7.049743530977861,-8.78871646296526,4.1766588259295485,-1.4155930533939718,-3.0042516057764646,-12.463328930953274,4.562866352365271,23.038801500368113,-10.867165769031633,1.4065538897746652,12.214195512736568,2.6422336210706283,-11.592683816688957,2.0253838459848224,-28.51227053789789,2.812088322908375,7.143917863156921,5.9968375527059905,12.564153156301115,-5.557382887423826,8.960063607592174,16.245971602660642,1.2058025386066724,0.9175524296690645,-9.904674439714183,13.86100425687479,-2.463011427223911,4.660456952933536
0,27,4.411781736378875,-7.636625026369582,14.2008901118766,-9.333178845898066,-1.03109036414114,12.404724847484045,11.330931710666086,8.741331638926116,-7.693307525810535,-10.725599658666738,8.604411488352309,6.777724874974753,-11.575612097300114,-14.006663394749566,-25.71259509200688,1.2233201733283663,-8.366661225049263,3.400937657230054,7.884771124888347,7.856303972705792,-11.618374758537602,-1.2171930191110418,6.632860632979753,-3.8522368872290333,-11.990325442007308,-6.580469968578278,7.864688382117042,19.820870317917464,-12.598502558654026,21.178965619404988,4.176392465566097,12.232578429977771,6.199456767155331,0.7565512780271573,3.809919651848724,-7.625901940522452,-6.289226714725076,-1.0004965723190635,2.048082392496852,0.5187603778038614,-8.583722387459158,-3.1989653346767155,4.410610890504725,2.0930975861469494,20.66649827684462,-15.080468248470504,-1.672762242786114,-9.81779350574278,-9.726968007997938,8.825859811436507,14.080059731609019,-8.43424170216829,-3.35703605575245,2.248639031501117,1.8594262838199764,-4.427155035596531,-13.742012183831381,-22.756919172223714,6.622737559940446,2.4932724435025264,13.071910472244644,-3.18479403322678,-4.904073872664633,-11.991849624996508,17.2211156493854,4.833717289333089,-15.730077215287347,12.516311736214856,-5.388359887544639,7.286000025660856,-1.6471293823648174,14.427014658974162,7.049743530977861,-8.78871646296526,4.1766588259295485,-1.4155930533939718,-3.0042516057764646,-12.463328930953274,4.562866352365271,23.038801500368113,-10.867165769031633,1.4065538897746652,12.214195512736568,2.6422336210706283,-11.592683816688957,2.0253838459848224,-28.51227053789789,2.812088322908375,7.143917863156921,5.9968375527059905,12.564153156301115,-5.557382887423826,8.960063607592174,16.245971602660642,1.2058025386066724,0.9175524296690645,-9.904674439714183,13.86100425687479,-2.463011427223911,4.660456952933536
0,28,4.411781736378875,-7.636625026369582,14.2008901118766,-9.333178845898066,-1.03109036414114,12.404724847484045,11.330931710666086,8.741331638926116,-7.693307525810535,-10.725599658666738,8.604411488352309,6.777724874974753,-11.575612097300114,-14.006663394749566,-25.71259509200688,1.2233201733283663,-8.366661225049263,3.400937657230054,7.884771124888347,7.856303972705792,-11.618374758537602,-1.2171930191110418,6.632860632979753,-3.8522368872290333,-11.990325442007308,-6.580469968578278,7.864688382117042,19.820870317917464,-12.598502558654026,21.178965619404988,4.176392465566097,12.232578429977771,6.199456767155331,0.7565512780271573,3.809919651848724,-7.625901940522452,-6.289226714725076,-1.0004965723190635,2.048082392496852,0.5187603778038614,-8.583722387459158,-3.1989653346767155,4.410610890504725,2.0930975861469494,20.66649827684462,-15.080468248470504,-1.672762242786114,-9.81779350574278,-9.726968007997938,8.825859811436507,14.080059731609019,-8.43424170216829,-3.35703605575245,2.248639031501117,1.8594262838199764,-4.427155035596531,-13.742012183831381,-22.756919172223714,6.622737559940446,2.4932724435025264,13.071910472244644,-3.18479403322678,-4.904073872664633,-11.991849624996508,17.2211156493854,4.833717289333089,-15.730077215287347,12.516311736214856,-5.388359887544639,7.286000025660856,-1.6471293823648174,14.427014658974162,7.049743530977861,-8.78871646296526,4.1766588259295485,-1.4155930533939718,-3.0042516057764646,-12.463328930953274,4.562866352365271,23.038801500368113,-10.867165769031633,1.4065538897746652,12.214195512736568,2.6422336210706283,-11.592683816688957,2.0253838459848224,-28.51227053789789,2.812088322908375,7.143917863156921,5.9968375527059905,12.564153156301115,-5.557382887423826,8.960063607592174,16.245971602660642,1.2058025386066724,0.9175524296690645,-9.904674439714183,13.86100425687479,-2.463011427223911,4.660456952933536
0,29,4.411781736378875,-7.636625026369582,14.2008901118766,-9.333178845898066,-1.03109036414114,12.404724847484045,11.330931710666086,8.741331638926116,-7.693307525810535,-10.725599658666738,8.604411488352309,6.777724874974753,-11.575612097300114,-14.006663394749566,-25.71259509200688,1.2233201733283663,-8.366661225049263,3.400937657230054,7.884771124888347,7.856303972705792,-11.618374758537602,-1.2171930191110418,6.632860632979753,-3.8522368872290333,-11.990325442007308,-6.580469968578278,7.864688382117042,19.820870317917464,-12.598502558654026,21.178965619404988,4.176392465566097,12.232578429977771,6.199456767155331,0.7565512780271573,3.809919651848724,-7.625901940522452,-6.289226714725076,-1.0004965723190635,2.048082392496852,0.5187603778038614,-8.583722387459158,-3.1989653346767155,4.410610890504725,2.0930975861469494,20.66649827684462,-15.080468248470504,-1.672762242786114,-9.81779350574278,-9.726968007997938,8.825859811436507,14.080059731609019,-8.43424170216829,-3.35703605575245,2.248639031501117,1.8594262838199764,-4.427155035596531,-13.742012183831381,-22.756919172223714,6.622737559940446,2.4932724435025264,13.071910472244644,-3.18479403322678,-4.904073872664633,-11.991849624996508,17.2211156493854,4.833717289333089,-15.730077215287347,12.516311736214856,-5.388359887544639,7.286000025660856,-1.6471293823648174,14.427014658974162,7.049743530977861,-8.78871646296526,4.1766588259295485,-1.4155930533939718,-3.0042516057764646,-12.463328930953274,4.562866352365271,23.038801500368113,-10.867165769031633,1.4065538897746652,12.214195512736568,2.6422336210706283,-11.592683816688957,2.0253838459848224,-28.51227053789789,2.812088322908375,7.143917863156921,5.9968375527059905,12.564153156301115,-5.557382887423826,8.960063607592174,16.245971602660642,1.2058025386066724,0.9175524296690645,-9.904674439714183,13.86100425687479,-2.463011427223911,4.660456952933536
0,30,4.411781736378875,-7.636625026369582,14.2008901118766,-9.333178845898066,-1.03109036414114,12.404724847484045,11.330931710666086,8.741331638926116,-7.693307525810535,-10.725599658666738,8.604411488352309,6.777724874974753,-11.575612097300114,-14.006663394749566,-25.71259509200688,1.2233201733283663,-8.366661225049263,3.400937657230054,7.884771124888347,7.856303972705792,-11.618374758537602,-1.2171930191110418,6.632860632979753,-3.8522368872290333,-11.990325442007308,-6.580469968578278,7.864688382117042,19.820870317917464,-12.598502558654026,21.178965619404988,4.176392465566097,12.232578429977771,6.199456767155331,0.7565512780271573,3.809919651848724,-7.625901940522452,-6.289226714725076,-1.0004965723190635,2.048082392496852,0.5187603778038614,-8.583722387459158,-3.1989653346767155,4.410610890504725,2.0930975861469494,20.66649827684462,-15.080468248470504,-1.672762242786114,-9.81779350574278,-9.726968007997938,8.825859811436507,14.080059731609019,-8.43424170216829,-3.35703605575245,2.248639031501117,1.8594262838199764,-4.427155035596531,-13.742012183831381,-22.756919172223714,6.622737559940446,2.4932724435025264,13.071910472244644,-3.18479403322678,-4.904073872664633,-11.991849624996508,17.2211156493854,4.833717289333089,-15.730077215287347,12.516311736214856,-5.388359887544639,7.286000025660856,-1.6471293823648174,14.427014658974162,7.049743530977861,-8.78871646296526,4.1766588259295485,-1.4155930533939718,-3.0042516057764646,-12.463328930953274,4.562866352365271,23.038801500368113,-10.867165769031633,1.4065538897746652,12.214195512736568,2.6422336210706283,-11.592683816688957,2.0253838459848224,-28.51227053789789,2.812088322908375,7.143917863156921,5.9968375527059905,12.564153156301115,-5.557382887423826,8.960063607592174,16.245971602660642,1.2058025386066724,0.9175524296690645,-9.904674439714183,13.86100425687479,-2.463011427223911,4.660456952933536
0,31,4.411781736378875,-7.636625026369582,14.2008901118766,-9.333178845898066,-1.03109036414114,12.404724847484045,11.330931710666086,8.741331638926116,-7.693307525810535,-10.725599658666738,8.604411488352309,6.777724874974753,-11.575612097300114,-14.006663394749566,-25.71259509200688,1.2233201733283663,-8.366661225049263,3.400937657230054,7.884771124888347,7.856303972705792,-11.618374758537602,-1.2171930191110418,6.632860632979753,-3.8522368872290333,-11.990325442007308,-6.580469968578278,7.864688382117042,19.820870317917464,-12.598502558654026,21.178965619404988,4.176392465566097,12.232578429977771,6.199456767155331,0.7565512780271573,3.809919651848724,-7.625901940522452,-6.289226714725076,-1.0004965723190635,2.048082392496852,0.5187603778038614,-8.583722387459158,-3.1989653346767155,4.410610890504725,2.0930975861469494,20.66649827684462,-15.080468248470504,-1.672762242786114,-9.81779350574278,-9.726968007997938,8.825859811436507,14.080059731609019,-8.43424170216829,-3.35703605575245,2.248639031501117,1.8594262838199764,-4.427155035596531,-13.742012183831381,-22.756919172223714,6.622737559940446,2.4932724435025264,13.071910472244644,-3.18479403322678,-4.904073872664633,-11.991849624996508,17.2211156493854,4.833717289333089,-15.730077215287347,12.516311736214856,-5.388359887544639,7.286000025660856,-1.6471293823648174,14.427014658974162,7.049743530977861,-8.78871646296526,4.1766588259295485,-1.4155930533939718,-3.0042516057764646,-12.463328930953274,4.562866352365271,23.038801500368113,-10.867165769031633,1.4065538897746652,12.214195512736568,2.6422336210706283,-11.592683816688957,2.0253838459848224,-28.51227053789789,2.812088322908375,7.143917863156921,5.9968375527059905,12.564153156301115,-5.557382887423826,8.960063607592174,16.245971602660642,1.2058025386066724,0.9175524296690645,-9.904674439714183,13.86100425687479,-2.463011427223911,4.660456952933536
0,32,4.411781736378875,-7.636625026369582,14.2008901118766,-9.333178845898066,-1.03109036414114,12.404724847484045,11.330931710666086,8.741331638926116,-7.693307525810535,-10.725599658666738,8.604411488352309,6.777724874974753,-11.575612097300114,-14.006663394749566,-25.71259509200688,1.2233201733283663,-8.366661225049263,3.400937657230054,7.884771124888347,7.856303972705792,-11.618374758537602,-1.2171930191110418,6.632860632979753,-3.8522368872290333,-11.990325442007308,-6.580469968578278,7.864688382117042,19.820870317917464,-12.598502558654026,21.178965619404988,4.176392465566097,12.232578429977771,6.199456767155331,0.7565512780271573,3.809919651848724,-7.625901940522452,-6.289226714725076,-1.0004965723190635,2.048082392496852,0.5187603778038614,-8.583722387459158,-3.1989653346767155,4.410610890504725,2.0930975861469494,20.66649827684462,-15.080468248470504,-1.672762242786114,-9.81779350574278,-9.726968007997938,8.825859811436507,14.080059731609019,-8.43424170216829,-3.35703605575245,2.248639031501117,1.8594262838199764,-4.427155035596531,-13.742012183831381,-22.756919172223714,6.622737559940446,2.4932724435025264,13.071910472244644,-3.18479403322678,-4.904073872664633,-11.991849624996508,17.2211156493854,4.833717289333089,-15.730077215287347,12.516311736214856,-5.388359887544639,7.286000025660856,-1.6471293823648174,14.427014658974162,7.049743530977861,-8.78871646296526,4.1766588259295485,-1.4155930533939718,-3.0042516057764646,-12.463328930953274,4.562866352365271,23.038801500368113,-10.867165769031633,1.4065538897746652,12.214195512736568,2.6422336210706283,-11.592683816688957,2.0253838459848224,-28.51227053789789,2.812088322908375,7.143917863156921,5.9968375527059905,12.564153156301115,-5.557382887423826,8.960063607592174,16.245971602660642,1.2058025386066724,0.9175524296690645,-9.904674439714183,13.86100425687479,-2.463011427223911,4.660456952933536
0,33,4.411781736378875,-7.636625026369582,14.2008901118766,-9.333178845898066,-1.03109036414114,12.404724847484045,11.330931710666086,8.741331638926116,-7.693307525810535,-10.725599658666738,8.604411488352309,6.777724874974753,-11.575612097300114,-14.006663394749566,-25.71259509200688,1.2233201733283663,-8.366661225049263,3.400937657230054,7.884771124888347,7.856303972705792,-11.618374758537602,-1.2171930191110418,6.632860632979753,-3.8522368872290333,-11.990325442007308,-6.580469968578278,7.864688382117042,19.820870317917464,-12.598502558654026,21.178965619404988,4.176392465566097,12.232578429977771,6.199456767155331,0.7565512780271573,3.809919651848724,-7.625901940522452,-6.289226714725076,-1.0004965723190635,2.048082392496852,0.5187603778038614,-8.583722387459158,-3.1989653346767155,4.410610890504725,2.0930975861469494,20.66649827684462,-15.080468248470504,-1.672762242786114,-9.81779350574278,-9.726968007997938,8.825859811436507,14.080059731609019,-8.43424170216829,-3.35703605575245,2.248639031501117,1.8594262838199764,-4.427155035596531,-13.742012183831381,-22.756919172223714,6.622737559940446,2.4932724435025264,13.071910472244644,-3.18479403322678,-4.904073872664633,-11.991849624996508,17.2211156493854,4.833717289333089,-15.730077215287347,12.516311736214856,-5.388359887544639,7.286000025660856,-1.6471293823648174,14.427014658974162,7.049743530977861,-8.78871646296526,4.1766588259295485,-1.4155930533939718,-3.0042516057764646,-12.463328930953274,4.562866352365271,23.038801500368113,-10.867165769031633,1.4065538897746652,12.214195512736568,2.6422336210706283,-11.592683816688957,2.0253838459848224,-28.51227053789789,2.812088322908375,7.143917863156921,5.9968375527059905,12.564153156301115,-5.557382887423826,8.960063607592174,16.245971602660642,1.2058025386066724,0.9175524296690645,-9.904674439714183,13.86100425687479,-2.463011427223911,4.660456952933536
0,34,4.411781736378875,-7.636625026369582,14.2008901118766,-9.333178845898066,-1.03109036414114,12.404724847484045,11.330931710666086,8.741331638926116,-7.693307525810535,-10.725599658666738,8.604411488352309,6.777724874974753,-11.575612097300114,-14.006663394749566,-25.71259509200688,1.2233201733283663,-8.366661225049263,3.400937657230054,7.884771124888347,7.856303972705792,-11.618374758537602,-1.2171930191110418,6.632860632979753,-3.8522368872290333,-11.990325442007308,-6.580469968578278,7.864688382117042,19.820870317917464,-12.598502558654026,21.178965619404988,4.176392465566097,12.232578429977771,6.199456767155331,0.7565512780271573,3.809919651848724,-7.625901940522452,-6.289226714725076,-1.0004965723190635,2.048082392496852,0.5187603778038614,-8.583722387459158,-3.1989653346767155,4.410610890504725,2.0930975861469494,20.66649827684462,-15.080468248470504,-1.672762242786114,-9.81779350574278,-9.726968007997938,8.825859811436507,14.080059731609019,-8.43424170216829,-3.35703605575245,2.248639031501117,1.8594262838199764,-4.427155035596531,-13.742012183831381,-22.756919172223714,6.622737559940446,2.4932724435025264,13.071910472244644,-3.18479403322678,-4.904073872664633,-11.991849624996508,17.2211156493854,4.833717289333089,-15.730077215287347,12.516311736214856,-5.388359887544639,7.286000025660856,-1.6471293823648174,14.427014658974162,7.049743530977861,-8.78871646296526,4.1766588259295485,-1.4155930533939718,-3.0042516057764646,-12.463328930953274,4.562866352365271,23.038801500368113,-10.867165769031633,1.4065538897746652,12.214195512736568,2.6422336210706283,-11.592683816688957,2.0253838459848224,-28.51227053789789,2.812088322908375,7.143917863156921,5.9968375527059905,12.564153156301115,-5.557382887423826,8.960063607592174,16.245971602660642,1.2058025386066724,0.9175524296690645,-9.904674439714183,13.86100425687479,-2.463011427223911,4.660456952933536
0,35,4.411781736378875,-7.636625026369582,14.2008901118766,-9.333178845898066,-1.03109036414114,12.404724847484045,11.330931710666086,8.741331638926116,-7.693307525810535,-10.725599658666738,8.604411488352309,6.777724874974753,-11.575612097300114,-14.006663394749566,-25.71259509200688,1.2233201733283663,-8.366661225049263,3.400937657230054,7.884771124888347,7.856303972705792,-11.618374758537602,-1.2171930191110418,6.632860632979753,-3.8522368872290333,-11.990325442007308,-6.580469968578278,7.864688382117042,19.820870317917464,-12.598502558654026,21.178965619404988,4.176392465566097,12.232578429977771,6.199456767155331,0.7565512780271573,3.809919651848724,-7.625901940522452,-6.289226714725076,-1.0004965723190635,2.048082392496852,0.5187603778038614,-8.583722387459158,-3.1989653346767155,4.410610890504725,2.0930975861469494,20.66649827684462,-15.080468248470504,-1.672762242786114,-9.81779350574278,-9.726968007997938,8.825859811436507,14.080059731609019,-8.43424170216829,-3.35703605575245,2.248639031501117,1.8594262838199764,-4.427155035596531,-13.742012183831381,-22.756919172223714,6.622737559940446,2.4932724435025264,13.071910472244644,-3.18479403322678,-4.904073872664633,-11.991849624996508,17.2211156493854,4.833717289333089,-15.730077215287347,12.516311736214856,-5.388359887544639,7.286000025660856,-1.6471293823648174,14.427014658974162,7.049743530977861,-8.78871646296526,4.1766588259295485,-1.4155930533939718,-3.0042516057764646,-12.463328930953274,4.562866352365271,23.038801500368113,-10.867165769031633,1.4065538897746652,12.214195512736568,2.6422336210706283,-11.592683816688957,2.0253838459848224,-28.51227053789789,2.812088322908375,7.143917863156921,5.9968375527059905,12.564153156301115,-5.557382887423826,8.960063607592174,16.245971602660642,1.2058025386066724,0.9175524296690645,-9.904674439714183,13.86100425687479,-2.463011427223911,4.660456952933536
0,36,4.411781736378875,-7.636625026369582,14.2008901118766,-9.333178845898066,-1.03109036414114,12.404724847484045,11.330931710666086,8.741331638926116,-7.693307525810535,-10.725599658666738,8.604411488352309,6.777724874974753,-11.575612097300114,-14.006663394749566,-25.71259509200688,1.2233201733283663,-8.366661225049263,3.400937657230054,7.884771124888347,7.856303972705792,-11.618374758537602,-1.2171930191110418,6.632860632979753,-3.8522368872290333,-11.990325442007308,-6.580469968578278,7.864688382117042,19.820870317917464,-12.598502558654026,21.178965619404988,4.176392465566097,12.232578429977771,6.199456767155331,0.7565512780271573,3.809919651848724,-7.625901940522452,-6.289226714725076,-1.0004965723190635,2.048082392496852,0.5187603778038614,-8.583722387459158,-3.1989653346767155,4.410610890504725,2.0930975861469494,20.66649827684462,-15.080468248470504,-1.672762242786114,-9.81779350574278,-9.726968007997938,8.825859811436507,14.080059731609019,-8.43424170216829,-3.35703605575245,2.248639031501117,1.8594262838199764,-4.427155035596531,-13.742012183831381,-22.756919172223714,6.622737559940446,2.4932724435025264,13.071910472244644,-3.18479403322678,-4.904073872664633,-11.991849624996508,17.2211156493854,4.833717289333089,-15.730077215287347,12.516311736214856,-5.388359887544639,7.286000025660856,-1.6471293823648174,14.427014658974162,7.049743530977861,-8.78871646296526,4.1766588259295485,-1.4155930533939718,-3.0042516057764646,-12.463328930953274,4.562866352365271,23.038801500368113,-10.867165769031633,1.4065538897746652,12.214195512736568,2.6422336210706283,-11.592683816688957,2.0253838459848224,-28.51227053789789,2.812088322908375,7.143917863156921,5.9968375527059905,12.564153156301115,-5.557382887423826,8.960063607592174,16.245971602660642,1.2058025386066724,0.9175524296690645,-9.904674439714183,13.86100425687479,-2.463011427223911,4.660456952933536
0,37,4.411781736378875,-7.636625026369582,14.2008901118766,-9.333178845898066,-1.03109036414114,12.404724847484045,11.330931710666086,8.741331638926116,-7.693307525810535,-10.725599658666738,8.604411488352309,6.777724874974753,-11.575612097300114,-14.006663394749566,-25.71259509200688,1.2233201733283663,-8.366661225049263,3.400937657230054,7.884771124888347,7.856303972705792,-11.618374758537602,-1.2171930191110418,6.632860632979753,-3.8522368872290333,-11.990325442007308,-6.580469968578278,7.864688382117042,19.820870317917464,-12.598502558654026,21.178965619404988,4.176392465566097,12.232578429977771,6.199456767155331,0.7565512780271573,3.809919651848724,-7.625901940522452,-6.289226714725076,-1.0004965723190635,2.048082392496852,0.5187603778038614,-8.583722387459158,-3.1989653346767155,4.410610890504725,2.0930975861469494,20.66649827684462,-15.080468248470504,-1.672762242786114,-9.81779350574278,-9.726968007997938,8.825859811436507,14.080059731609019,-8.43424170216829,-3.35703605575245,2.248639031501117,1.8594262838199764,-4.427155035596531,-13.742012183831381,-22.756919172223714,6.622737559940446,2.4932724435025264,13.071910472244644,-3.18479403322678,-4.904073872664633,-11.991849624996508,17.2211156493854,4.833717289333089,-15.730077215287347,12.516311736214856,-5.388359887544639,7.286000025660856,-1.6471293823648174,14.427014658974162,7.049743530977861,-8.78871646296526,4.1766588259295485,-1.4155930533939718,-3.0042516057764646,-12.463328930953274,4.562866352365271,23.038801500368113,-10.867165769031633,1.4065538897746652,12.214195512736568,2.6422336210706283,-11.592683816688957,2.0253838459848224,-28.51227053789789,2.812088322908375,7.143917863156921,5.9968375527059905,12.564153156301115,-5.557382887423826,8.960063607592174,16.245971602660642,1.2058025386066724,0.9175524296690645,-9.904674439714183,13.86100425687479,-2.463011427223911,4.660456952933536
0,38,4.411781736378875,-7.636625026369582,14.2008901118766,-9.333178845898066,-1.03109036414114,12.404724847484045,11.330931710666086,8.741331638926116,-7.693307525810535,-10.725599658666738,8.604411488352309,6.777724874974753,-11.575612097300114,-14.006663394749566,-25.71259509200688,1.2233201733283663,-8.366661225049263,3.400937657230054,7.884771124888347,7.856303972705792,-11.618374758537602,-1.2171930191110418,6.632860632979753,-3.8522368872290333,-11.990325442007308,-6.580469968578278,7.864688382117042,19.820870317917464,-12.598502558654026,21.178965619404988,4.176392465566097,12.232578429977771,6.199456767155331,0.7565512780271573,3.809919651848724,-7.625901940522452,-6.289226714725076,-1.0004965723190635,2.048082392496852,0.5187603778038614,-8.583722387459158,-3.1989653346767155,4.410610890504725,2.0930975861469494,20.66649827684462,-15.080468248470504,-1.672762242786114,-9.81779350574278,-9.726968007997938,8.825859811436507,14.080059731609019,-8.43424170216829,-3.35703605575245,2.248639031501117,1.8594262838199764,-4.427155035596531,-13.742012183831381,-22.756919172223714,6.622737559940446,2.4932724435025264,13.071910472244644,-3.18479403322678,-4.904073872664633,-11.991849624996508,17.2211156493854,4.833717289333089,-15.730077215287347,12.516311736214856,-5.388359887544639,7.286000025660856,-1.6471293823648174,14.427014658974162,7.049743530977861,-8.78871646296526,4.1766588259295485,-1.4155930533939718,-3.0042516057764646,-12.463328930953274,4.562866352365271,23.038801500368113,-10.867165769031633,1.4065538897746652,12.214195512736568,2.6422336210706283,-11.592683816688957,2.0253838459848224,-28.51227053789789,2.812088322908375,7.143917863156921,5.9968375527059905,12.564153156301115,-5.557382887423826,8.960063607592174,16.245971602660642,1.2058025386066724,0.9175524296690645,-9.904674439714183,13.86100425687479,-2.463011427223911,4.660456952933536
0,39,4.411781736378875,-7.636625026369582,14.2008901118766,-9.333178845898066,-1.03109036414114,12.404724847484045,11.330931710666086,8.741331638926116,-7.693307525810535,-10.725599658666738,8.604411488352309,6.777724874974753,-11.575612097300114,-14.006663394749566,-25.71259509200688,1.2233201733283663,-8.366661225049263,3.400937657230054,7.884771124888347,7.856303972705792,-11.618374758537602,-1.2171930191110418,6.632860632979753,-3.8522368872290333,-11.990325442007308,-6.580469968578278,7.864688382117042,19.820870317917464,-12.598502558654026,21.178965619404988,4.176392465566097,12.232578429977771,6.199456767155331,0.7565512780271573,3.809919651848724,-7.625901940522452,-6.289226714725076,-1.0004965723190635,2.048082392496852,0.5187603778038614,-8.583722387459158,-3.1989653346767155,4.410610890504725,2.0930975861469494,20.66649827684462,-15.080468248470504,-1.672762242786114,-9.81779350574278,-9.726968007997938,8.825859811436507,14.080059731609019,-8.43424170216829,-3.35703605575245,2.248639031501117,1.8594262838199764,-4.427155035596531,-13.742012183831381,-22.756919172223714,6.622737559940446,2.4932724435025264,13.071910472244644,-3.18479403322678,-4.904073872664633,-11.991849624996508,17.2211156493854,4.833717289333089,-15.730077215287347,12.516311736214856,-5.388359887544639,7.286000025660856,-1.6471293823648174,14.427014658974162,7.049743530977861,-8.78871646296526,4.1766588259295485,-1.4155930533939718,-3.0042516057764646,-12.463328930953274,4.562866352365271,23.038801500368113,-10.867165769031633,1.4065538897746652,12.214195512736568,2.6422336210706283,-11.592683816688957,2.0253838459848224,-28.51227053789789,2.812088322908375,7.143917863156921,5.9968375527059905,12.564153156301115,-5.557382887423826,8.960063607592174,16.245971602660642,1.2058025386066724,0.9175524296690645,-9.904674439714183,13.86100425687479,-2.463011427223911,4.660456952933536
