Run,Iteration,agent-0,agent-1,agent-2,agent-3,agent-4,agent-5,agent-6,agent-7,agent-8,agent-9,agent-10,agent-11,agent-12,agent-13,agent-14,agent-15,agent-16,agent-17,agent-18,agent-19,agent-20,agent-21,agent-22,agent-23,agent-24,agent-25,agent-26,agent-27,agent-28,agent-29,agent-30,agent-31,agent-32,agent-33,agent-34,agent-35,agent-36,agent-37,agent-38,agent-39,agent-40,agent-41,agent-42,agent-43,agent-44,agent-45,agent-46,agent-47,agent-48,agent-49,agent-50,agent-51,agent-52,agent-53,agent-54,agent-55,agent-56,agent-57,agent-58,agent-59,agent-60,agent-61,agent-62,agent-63,agent-64,agent-65,agent-66,agent-67,agent-68,agent-69,agent-70,agent-71,agent-72,agent-73,agent-74,agent-75,agent-76,agent-77,agent-78,agent-79,agent-80,agent-81,agent-82,agent-83,agent-84,agent-85,agent-86,agent-87,agent-88,agent-89,agent-90,agent-91,agent-92,agent-93,agent-94,agent-95,agent-96,agent-97,agent-98,agent-99
0,0,0,1,1,0,1,0,0,1,1,0,0,0,0,0,3,0,1,1,4,1,0,1,2,2,2,1,0,0,2,4,2,0,0,2,0,0,0,0,2,0,3,2,0,2,3,1,0,0,0,6,0,1,0,0,0,0,0,1,0,0,0,1,2,3,0,0,2,0,0,1,2,0,1,0,0,0,1,0,1,0,0,0,0,0,0,0,1,1,0,0,1,1,0,0,1,0,0,0,0,0
0,1,1,0,1,2,1,1,0,0,0,1,0,0,0,0,3,0,0,1,4,3,1,1,2,2,2,1,0,0,2,4,2,0,0,2,0,0,0,0,2,0,3,2,0,2,3,0,1,1,0,0,0,0,2,0,2,0,0,0,1,2,0,1,2,3,0,0,2,0,0,1,2,0,1,1,0,1,0,0,0,0,0,0,0,0,0,0,1,0,1,0,0,1,0,0,1,1,0,0,0,0
0,2,0,0,0,0,0,1,0,0,0,1,0,0,0,0,3,0,0,1,4,3,1,1,2,2,2,1,0,0,2,4,2,0,0,2,0,0,0,0,2,0,3,2,0,2,3,0,1,0,1,0,0,1,2,0,2,0,0,0,1,2,0,1,2,3,0,0,2,0,0,1,2,0,1,1,0,1,0,0,0,0,0,0,0,0,0,0,1,1,0,0,0,1,0,0,1,1,0,0,0,0
0,3,0,0,0,0,1,1,0,0,0,1,0,0,0,0,3,0,0,1,4,3,1,1,0,2,2,1,0,0,2,4,2,0,0,0,0,0,0,0,2,0,3,2,0,2,3,0,0,0,1,0,0,1,2,0,2,0,0,0,0,2,0,1,2,0,0,0,2,0,0,1,2,0,1,1,0,1,0,0,0,0,0,0,0,0,0,0,1,0,0,0,0,1,0,0,1,0,0,1,0,0
0,4,0,0,0,0,1,1,0,0,0,1,0,0,0,0,3,1,0,1,4,3,1,1,0,2,2,1,0,0,2,4,2,0,0,0,0,0,0,0,2,0,3,2,0,2,3,0,0,0,1,0,0,1,2,1,2,0,0,0,2,2,0,1,2,0,0,0,2,0,0,1,2,0,1,1,0,1,0,0,0,0,0,0,0,0,0,0,1,0,0,1,0,1,0,0,1,0,0,1,0,0
0,5,0,0,0,0,1,1,0,0,0,1,0,0,0,0,3,0,0,1,4,3,1,1,0,2,2,1,0,0,2,4,2,0,0,0,0,1,0,0,2,0,3,2,0,2,3,0,0,0,1,0,0,1,2,1,2,0,0,0,2,2,0,1,2,0,0,0,2,0,0,1,2,0,1,1,0,1,0,0,0,0,0,0,0,0,0,0,1,0,0,1,0,1,0,0,1,0,0,1,0,0
0,6,0,0,0,0,1,1,0,0,0,1,0,0,0,0,3,0,0,1,4,3,1,1,0,2,2,1,0,0,2,4,2,0,0,0,0,1,0,0,2,0,1,2,0,2,3,0,0,0,1,0,0,1,2,1,2,0,0,0,2,2,0,1,2,0,0,0,2,0,0,0,2,0,1,1,0,1,0,0,0,0,0,0,0,0,0,0,1,0,0,1,0,1,0,0,1,0,0,1,0,0
0,7,0,0,0,0,1,1,0,0,0,1,0,0,0,0,3,0,0,1,4,3,1,1,0,2,2,1,0,0,2,4,2,0,0,0,0,1,0,0,2,0,1,2,0,2,3,0,0,0,1,0,0,1,2,1,2,0,0,0,2,2,0,1,2,0,0,0,2,0,0,0,2,0,1,1,0,1,0,0,0,0,0,0,0,0,0,0,1,0,0,1,0,1,0,0,1,0,0,1,0,0
0,8,0,0,0,0,1,1,0,0,0,1,0,0,0,0,3,0,0,1,4,3,1,1,0,2,2,1,0,0,2,4,2,0,0,0,0,1,0,0,2,0,1,2,0,2,3,0,0,0,1,0,0,1,2,1,2,0,0,0,2,2,0,1,2,0,0,0,2,0,0,0,2,0,1,1,0,1,0,0,0,0,0,0,0,0,0,0,1,0,0,1,0,1,0,0,1,0,0,1,0,0
0,9,0,0,0,0,1,1,0,0,0,1,0,0,0,0,3,0,0,1,4,3,1,1,0,2,2,1,0,0,2,4,2,0,0,0,0,1,0,0,2,0,1,2,0,2,3,0,0,0,1,0,0,1,2,1,2,0,0,0,2,2,0,1,2,0,0,0,2,0,0,0,2,0,1,1,0,1,0,0,0,0,0,0,0,0,0,0,1,0,0,1,0,1,0,0,1,0,0,1,0,0
0,10,0,0,0,0,1,1,0,0,0,1,0,0,0,0,3,0,0,1,4,3,1,1,0,2,2,1,0,0,2,4,2,0,0,0,0,1,0,0,2,0,1,2,0,2,3,0,0,0,1,0,0,1,2,1,2,0,0,0,2,2,0,1,2,0,0,0,2,0,0,0,2,0,1,1,0,1,0,0,0,0,0,0,0,0,0,0,1,0,0,1,0,1,0,0,1,0,0,1,0,0
0,11,0,0,0,0,1,1,0,0,0,1,0,0,0,0,3,0,0,1,4,3,1,1,0,2,2,1,0,0,2,4,2,0,0,0,0,1,0,0,2,0,1,2,0,2,3,0,0,0,1,0,0,1,2,1,2,0,0,0,2,2,0,1,2,0,0,0,2,0,0,0,2,0,1,1,0,1,0,0,0,0,0,0,0,0,0,0,1,0,0,1,0,1,0,0,1,0,0,1,0,0
0,12,0,0,0,0,1,1,0,0,0,1,0,0,0,0,3,0,0,1,4,3,1,1,0,2,2,1,0,0,2,4,2,0,0,0,0,1,0,0,2,0,1,2,0,2,3,0,0,0,1,0,0,1,2,1,2,0,0,0,2,2,0,1,2,0,0,0,2,0,0,0,2,0,1,1,0,1,0,0,0,0,0,0,0,0,0,0,1,0,0,1,0,1,0,0,1,0,0,1,0,0
0,13,0,0,0,0,1,1,0,0,0,1,0,0,0,0,3,0,0,1,4,3,1,1,0,2,2,1,0,0,2,4,2,0,0,0,0,1,0,0,2,0,1,2,0,2,3,0,0,0,1,0,0,1,2,1,2,0,0,0,2,2,0,1,2,0,0,0,2,0,0,0,2,0,1,1,0,1,0,0,0,0,0,0,0,0,0,0,1,0,0,1,0,1,0,0,1,0,0,1,0,0
0,14,0,0,0,0,1,1,0,0,0,1,0,0,0,0,3,0,0,1,4,3,1,1,0,2,2,1,0,0,2,4,2,0,0,0,0,1,0,0,2,0,1,2,0,2,3,0,0,0,1,0,0,1,2,1,2,0,0,0,2,2,0,1,2,0,0,0,2,0,0,0,2,0,1,1,0,1,0,0,0,0,0,0,0,0,0,0,1,0,0,1,0,1,0,0,1,0,0,1,0,0
0,15,0,0,0,0,1,1,0,0,0,1,0,0,0,0,3,0,0,1,4,3,1,1,0,2,2,1,0,0,2,4,2,0,0,0,0,1,0,0,2,0,1,2,0,2,3,0,0,0,1,0,0,1,2,1,2,0,0,0,2,2,0,1,2,0,0,0,2,0,0,0,2,0,1,1,0,1,0,0,0,0,0,0,0,0,0,0,1,0,0,1,0,1,0,0,1,0,0,1,0,0
0,16,0,0,0,0,1,1,0,0,0,1,0,0,0,0,3,0,0,1,4,3,1,1,0,2,2,1,0,0,2,4,2,0,0,0,0,1,0,0,2,0,1,2,0,2,3,0,0,0,1,0,0,1,2,1,2,0,0,0,2,2,0,1,2,0,0,0,2,0,0,0,2,0,1,1,0,1,0,0,0,0,0,0,0,0,0,0,1,0,0,1,0,1,0,0,1,0,0,1,0,0
0,17,0,0,0,0,1,1,0,0,0,1,0,0,0,0,3,0,0,1,4,3,1,1,0,2,2,1,0,0,2,4,2,0,0,0,0,1,0,0,2,0,1,2,0,2,3,0,0,0,1,0,0,1,2,1,2,0,0,0,2,2,0,1,2,0,0,0,2,0,0,0,2,0,1,1,0,1,0,0,0,0,0,0,0,0,0,0,1,0,0,1,0,1,0,0,1,0,0,1,0,0
0,18,0,0,0,0,1,1,0,0,0,1,0,0,0,0,3,0,0,1,4,3,1,1,0,2,2,1,0,0,2,4,2,0,0,0,0,1,0,0,2,0,1,2,0,2,3,0,0,0,1,0,0,1,2,1,2,0,0,0,2,2,0,1,2,0,0,0,2,0,0,0,2,0,1,1,0,1,0,0,0,0,0,0,0,0,0,0,1,0,0,1,0,1,0,0,1,0,0,1,0,0
0,19,0,0,0,0,1,1,0,0,0,1,0,0,0,0,3,0,0,1,4,3,1,1,0,2,2,1,0,0,2,4,2,0,0,0,0,1,0,0,2,0,1,2,0,2,3,0,0,0,1,0,0,1,2,1,2,0,0,0,2,2,0,1,2,0,0,0,2,0,0,0,2,0,1,1,0,1,0,0,0,0,0,0,0,0,0,0,1,0,0,1,0,1,0,0,1,0,0,1,0,0
0,20,0,0,0,0,1,1,0,0,0,1,0,0,0,0,3,0,0,1,4,3,1,1,0,2,2,1,0,0,2,4,2,0,0,0,0,1,0,0,2,0,1,2,0,2,3,0,0,0,1,0,0,1,2,1,2,0,0,0,2,2,0,1,2,0,0,0,2,0,0,0,2,0,1,1,0,1,0,0,0,0,0,0,0,0,0,0,1,0,0,1,0,1,0,0,1,0,0,1,0,0
0,21,0,0,0,0,1,1,0,0,0,1,0,0,0,0,3,0,0,1,4,3,1,1,0,2,2,1,0,0,2,4,2,0,0,0,0,1,0,0,2,0,1,2,0,2,3,0,0,0,1,0,0,1,2,1,2,0,0,0,2,2,0,1,2,0,0,0,2,0,0,0,2,0,1,1,0,1,0,0,0,0,0,0,0,0,0,0,1,0,0,1,0,1,0,0,1,0,0,1,0,0
0,22,0,0,0,0,1,1,0,0,0,1,0,0,0,0,3,0,0,1,4,3,1,1,0,2,2,1,0,0,2,4,2,0,0,0,0,1,0,0,2,0,1,2,0,2,3,0,0,0,1,0,0,1,2,1,2,0,0,0,2,2,0,1,2,0,0,0,2,0,0,0,2,0,1,1,0,1,0,0,0,0,0,0,0,0,0,0,1,0,0,1,0,1,0,0,1,0,0,1,0,0
0,23,0,0,0,0,1,1,0,0,0,1,0,0,0,0,3,0,0,1,4,3,1,1,0,2,2,1,0,0,2,4,2,0,0,0,0,1,0,0,2,0,1,2,0,2,3,0,0,0,1,0,0,1,2,1,2,0,0,0,2,2,0,1,2,0,0,0,2,0,0,0,2,0,1,1,0,1,0,0,0,0,0,0,0,0,0,0,1,0,0,1,0,1,0,0,1,0,0,1,0,0
0,24,0,0,0,0,1,1,0,0,0,1,0,0,0,0,3,0,0,1,4,3,1,1,0,2,2,1,0,0,2,4,2,0,0,0,0,1,0,0,2,0,1,2,0,2,3,0,0,0,1,0,0,1,2,1,2,0,0,0,2,2,0,1,2,0,0,0,2,0,0,0,2,0,1,1,0,1,0,0,0,0,0,0,0,0,0,0,1,0,0,1,0,1,0,0,1,0,0,1,0,0
0,25,0,0,0,0,1,1,0,0,0,1,0,0,0,0,3,0,0,1,4,3,1,1,0,2,2,1,0,0,2,4,2,0,0,0,0,1,0,0,2,0,1,2,0,2,3,0,0,0,1,0,0,1,2,1,2,0,0,0,2,2,0,1,2,0,0,0,2,0,0,0,2,0,1,1,0,1,0,0,0,0,0,0,0,0,0,0,1,0,0,1,0,1,0,0,1,0,0,1,0,0
0,26,0,0,0,0,1,1,0,0,0,1,0,0,0,0,3,0,0,1,4,3,1,1,0,2,2,1,0,0,2,4,2,0,0,0,0,1,0,0,2,0,1,2,0,2,3,0,0,0,1,0,0,1,2,1,2,0,0,0,2,2,0,1,2,0,0,0,2,0,0,0,2,0,1,1,0,1,0,0,0,0,0,0,0,0,0,0,1,0,0,1,0,1,0,0,1,0,0,1,0,0
0,27,0,0,0,0,1,1,0,0,0,1,0,0,0,0,3,0,0,1,4,3,1,1,0,2,2,1,0,0,2,4,2,0,0,0,0,1,0,0,2,0,1,2,0,2,3,0,0,0,1,0,0,1,2,1,2,0,0,0,2,2,0,1,2,0,0,0,2,0,0,0,2,0,1,1,0,1,0,0,0,0,0,0,0,0,0,0,1,0,0,1,0,1,0,0,1,0,0,1,0,0
0,28,0,0,0,0,1,1,0,0,0,1,0,0,0,0,3,0,0,1,4,3,1,1,0,2,2,1,0,0,2,4,2,0,0,0,0,1,0,0,2,0,1,2,0,2,3,0,0,0,1,0,0,1,2,1,2,0,0,0,2,2,0,1,2,0,0,0,2,0,0,0,2,0,1,1,0,1,0,0,0,0,0,0,0,0,0,0,1,0,0,1,0,1,0,0,1,0,0,1,0,0
0,29,0,0,0,0,1,1,0,0,0,1,0,0,0,0,3,0,0,1,4,3,1,1,0,2,2,1,0,0,2,4,2,0,0,0,0,1,0,0,2,0,1,2,0,2,3,0,0,0,1,0,0,1,2,1,2,0,0,0,2,2,0,1,2,0,0,0,2,0,0,0,2,0,1,1,0,1,0,0,0,0,0,0,0,0,0,0,1,0,0,1,0,1,0,0,1,0,0,1,0,0
0,30,0,0,0,0,1,1,0,0,0,1,0,0,0,0,3,0,0,1,4,3,1,1,0,2,2,1,0,0,2,4,2,0,0,0,0,1,0,0,2,0,1,2,0,2,3,0,0,0,1,0,0,1,2,1,2,0,0,0,2,2,0,1,2,0,0,0,2,0,0,0,2,0,1,1,0,1,0,0,0,0,0,0,0,0,0,0,1,0,0,1,0,1,0,0,1,0,0,1,0,0
0,31,0,0,0,0,1,1,0,0,0,1,0,0,0,0,3,0,0,1,4,3,1,1,0,2,2,1,0,0,2,4,2,0,0,0,0,1,0,0,2,0,1,2,0,2,3,0,0,0,1,0,0,1,2,1,2,0,0,0,2,2,0,1,2,0,0,0,2,0,0,0,2,0,1,1,0,1,0,0,0,0,0,0,0,0,0,0,1,0,0,1,0,1,0,0,1,0,0,1,0,0
0,32,0,0,0,0,1,1,0,0,0,1,0,0,0,0,3,0,0,1,4,3,1,1,0,2,2,1,0,0,2,4,2,0,0,0,0,1,0,0,2,0,1,2,0,2,3,0,0,0,1,0,0,1,2,1,2,0,0,0,2,2,0,1,2,0,0,0,2,0,0,0,2,0,1,1,0,1,0,0,0,0,0,0,0,0,0,0,1,0,0,1,0,1,0,0,1,0,0,1,0,0
0,33,0,0,0,0,1,1,0,0,0,1,0,0,0,0,3,0,0,1,4,3,1,1,0,2,2,1,0,0,2,4,2,0,0,0,0,1,0,0,2,0,1,2,0,2,3,0,0,0,1,0,0,1,2,1,2,0,0,0,2,2,0,1,2,0,0,0,2,0,0,0,2,0,1,1,0,1,0,0,0,0,0,0,0,0,0,0,1,0,0,1,0,1,0,0,1,0,0,1,0,0
0,34,0,0,0,0,1,1,0,0,0,1,0,0,0,0,3,0,0,1,4,3,1,1,0,2,2,1,0,0,2,4,2,0,0,0,0,1,0,0,2,0,1,2,0,2,3,0,0,0,1,0,0,1,2,1,2,0,0,0,2,2,0,1,2,0,0,0,2,0,0,0,2,0,1,1,0,1,0,0,0,0,0,0,0,0,0,0,1,0,0,1,0,1,0,0,1,0,0,1,0,0
0,35,0,0,0,0,1,1,0,0,0,1,0,0,0,0,3,0,0,1,4,3,1,1,0,2,2,1,0,0,2,4,2,0,0,0,0,1,0,0,2,0,1,2,0,2,3,0,0,0,1,0,0,1,2,1,2,0,0,0,2,2,0,1,2,0,0,0,2,0,0,0,2,0,1,1,0,1,0,0,0,0,0,0,0,0,0,0,1,0,0,1,0,1,0,0,1,0,0,1,0,0
0,36,0,0,0,0,1,1,0,0,0,1,0,0,0,0,3,0,0,1,4,3,1,1,0,2,2,1,0,0,2,4,2,0,0,0,0,1,0,0,2,0,1,2,0,2,3,0,0,0,1,0,0,1,2,1,2,0,0,0,2,2,0,1,2,0,0,0,2,0,0,0,2,0,1,1,0,1,0,0,0,0,0,0,0,0,0,0,1,0,0,1,0,1,0,0,1,0,0,1,0,0
0,37,0,0,0,0,1,1,0,0,0,1,0,0,0,0,3,0,0,1,4,3,1,1,0,2,2,1,0,0,2,4,2,0,0,0,0,1,0,0,2,0,1,2,0,2,3,0,0,0,1,0,0,1,2,1,2,0,0,0,2,2,0,1,2,0,0,0,2,0,0,0,2,0,1,1,0,1,0,0,0,0,0,0,0,0,0,0,1,0,0,1,0,1,0,0,1,0,0,1,0,0
0,38,0,0,0,0,1,1,0,0,0,1,0,0,0,0,3,0,0,1,4,3,1,1,0,2,2,1,0,0,2,4,2,0,0,0,0,1,0,0,2,0,1,2,0,2,3,0,0,0,1,0,0,1,2,1,2,0,0,0,2,2,0,1,2,0,0,0,2,0,0,0,2,0,1,1,0,1,0,0,0,0,0,0,0,0,0,0,1,0,0,1,0,1,0,0,1,0,0,1,0,0
0,39,0,0,0,0,1,1,0,0,0,1,0,0,0,0,3,0,0,1,4,3,1,1,0,2,2,1,0,0,2,4,2,0,0,0,0,1,0,0,2,0,1,2,0,2,3,0,0,0,1,0,0,1,2,1,2,0,0,0,2,2,0,1,2,0,0,0,2,0,0,0,2,0,1,1,0,1,0,0,0,0,0,0,0,0,0,0,1,0,0,1,0,1,0,0,1,0,0,1,0,0
1,0,0,4,1,5,0,1,1,2,2,2,1,1,5,1,0,1,1,0,0,0,2,0,1,1,1,0,1,0,0,1,1,2,4,0,0,0,3,0,1,0,0,3,0,2,0,1,1,3,2,0,1,0,1,0,0,1,0,0,0,1,0,1,1,1,0,0,1,4,0,0,1,0,0,0,1,0,0,1,0,0,0,0,0,1,0,4,0,0,1,1,0,0,0,1,0,0,0,2,0,0
1,1,5,4,2,1,1,1,1,2,2,2,1,1,5,1,0,1,1,0,0,0,2,0,1,1,1,0,1,0,0,1,1,2,4,0,0,0,3,0,0,0,0,3,1,1,1,1,1,1,2,0,1,0,1,0,0,1,0,0,0,1,0,1,1,1,0,0,1,4,0,0,1,2,0,0,0,0,1,1,0,0,0,0,0,1,0,3,0,3,0,1,0,0,0,0,0,0,0,0,0,1
1,2,5,4,2,1,1,1,1,2,2,2,1,1,5,1,0,1,1,0,0,0,2,1,1,1,1,0,1,0,1,1,1,0,4,0,0,0,0,0,0,0,0,3,1,0,1,1,1,1,2,0,1,0,1,0,0,1,0,0,0,1,0,1,1,0,0,0,0,1,0,0,1,0,0,0,0,0,1,1,0,0,0,0,1,1,0,3,0,3,0,1,0,0,0,0,0,0,0,0,0,0
1,3,5,4,2,1,1,1,1,2,2,0,1,1,1,1,0,1,1,0,0,0,2,1,1,1,1,0,1,0,1,1,1,0,4,0,1,0,0,0,0,0,0,3,1,0,1,1,1,1,2,0,0,0,1,0,0,1,0,0,0,1,0,1,1,0,0,0,0,1,0,0,1,0,0,0,0,0,1,1,0,0,1,0,1,1,0,3,0,3,0,0,0,0,0,0,0,0,0,0,0,0
1,4,5,4,2,1,1,1,1,2,0,0,1,0,1,1,0,0,1,0,0,0,2,1,1,0,1,0,1,0,1,1,1,0,4,0,1,0,0,0,0,0,0,3,1,0,1,1,1,1,2,0,0,0,1,0,0,1,0,0,0,1,0,1,1,0,0,0,0,1,0,0,1,0,0,0,0,0,1,1,0,0,1,0,0,1,0,3,0,3,0,0,0,0,0,0,0,0,0,0,0,0
1,5,5,4,2,1,1,1,1,2,0,0,1,0,1,1,0,0,1,0,0,0,2,0,1,0,1,0,1,0,1,1,1,0,4,0,1,0,0,0,0,0,0,3,1,0,1,1,1,1,2,0,0,0,1,0,0,1,0,0,0,1,0,1,1,0,0,0,0,1,0,0,1,0,0,0,0,0,1,1,0,0,1,0,0,1,0,3,0,3,0,0,0,0,0,0,0,0,0,0,0,0
1,6,5,4,2,1,1,1,1,2,0,0,1,0,1,1,0,0,1,0,0,0,2,0,1,0,1,0,1,0,1,1,1,0,4,0,1,0,0,0,0,0,0,3,1,0,1,1,1,1,2,0,0,0,1,0,0,1,0,0,0,1,0,1,1,0,0,0,0,1,0,0,1,0,0,0,0,0,1,1,0,0,1,0,0,1,0,3,0,3,0,0,0,0,0,0,0,0,0,0,0,0
1,7,5,4,2,1,1,1,1,2,0,0,1,0,1,1,0,0,1,0,0,0,2,0,1,0,1,0,1,0,1,1,1,0,4,0,1,0,0,0,0,0,0,3,1,0,1,1,1,1,2,0,0,0,1,0,0,1,0,0,0,1,0,1,1,0,0,0,0,1,0,0,1,0,0,0,0,0,1,1,0,0,1,0,0,1,0,3,0,3,0,0,0,0,0,0,0,0,0,0,0,0
1,8,5,4,2,1,1,1,1,2,0,0,1,0,1,1,0,0,1,0,0,0,2,0,1,0,1,0,1,0,1,1,1,0,4,0,1,0,0,0,0,0,0,3,1,0,1,1,1,1,2,0,0,0,1,0,0,1,0,0,0,1,0,1,1,0,0,0,0,1,0,0,1,0,0,0,0,0,1,1,0,0,1,0,0,1,0,3,0,3,0,0,0,0,0,0,0,0,0,0,0,0
1,9,5,4,2,1,1,1,1,2,0,0,1,0,1,1,0,0,1,0,0,0,2,0,1,0,1,0,1,0,1,1,1,0,4,0,1,0,0,0,0,0,0,3,1,0,1,1,1,1,2,0,0,0,1,0,0,1,0,0,0,1,0,1,1,0,0,0,0,1,0,0,1,0,0,0,0,0,1,1,0,0,1,0,0,1,0,3,0,3,0,0,0,0,0,0,0,0,0,0,0,0
1,10,5,4,2,1,1,1,1,2,0,0,1,0,1,1,0,0,1,0,0,0,2,0,1,0,1,0,1,0,1,1,1,0,4,0,1,0,0,0,0,0,0,3,1,0,1,1,1,1,2,0,0,0,1,0,0,1,0,0,0,1,0,1,1,0,0,0,0,1,0,0,1,0,0,0,0,0,1,1,0,0,1,0,0,1,0,3,0,3,0,0,0,0,0,0,0,0,0,0,0,0
1,11,5,4,2,1,1,1,1,2,0,0,1,0,1,1,0,0,1,0,0,0,2,0,1,0,1,0,1,0,1,1,1,0,4,0,1,0,0,0,0,0,0,3,1,0,1,1,1,1,2,0,0,0,1,0,0,1,0,0,0,1,0,1,1,0,0,0,0,1,0,0,1,0,0,0,0,0,1,1,0,0,1,0,0,1,0,3,0,3,0,0,0,0,0,0,0,0,0,0,0,0
1,12,5,4,2,1,1,1,1,2,0,0,1,0,1,1,0,0,1,0,0,0,2,0,1,0,1,0,1,0,1,1,1,0,4,0,1,0,0,0,0,0,0,3,1,0,1,1,1,1,2,0,0,0,1,0,0,1,0,0,0,1,0,1,1,0,0,0,0,1,0,0,1,0,0,0,0,0,1,1,0,0,1,0,0,1,0,3,0,3,0,0,0,0,0,0,0,0,0,0,0,0
1,13,5,4,2,1,1,1,1,2,0,0,1,0,1,1,0,0,1,0,0,0,2,0,1,0,1,0,1,0,1,1,1,0,4,0,1,0,0,0,0,0,0,3,1,0,1,1,1,1,2,0,0,0,1,0,0,1,0,0,0,1,0,1,1,0,0,0,0,1,0,0,1,0,0,0,0,0,1,1,0,0,1,0,0,1,0,3,0,3,0,0,0,0,0,0,0,0,0,0,0,0
1,14,5,4,2,1,1,1,1,2,0,0,1,0,1,1,0,0,1,0,0,0,2,0,1,0,1,0,1,0,1,1,1,0,4,0,1,0,0,0,0,0,0,3,1,0,1,1,1,1,2,0,0,0,1,0,0,1,0,0,0,1,0,1,1,0,0,0,0,1,0,0,1,0,0,0,0,0,1,1,0,0,1,0,0,1,0,3,0,3,0,0,0,0,0,0,0,0,0,0,0,0
1,15,5,4,2,1,1,1,1,2,0,0,1,0,1,1,0,0,1,0,0,0,2,0,1,0,1,0,1,0,1,1,1,0,4,0,1,0,0,0,0,0,0,3,1,0,1,1,1,1,2,0,0,0,1,0,0,1,0,0,0,1,0,1,1,0,0,0,0,1,0,0,1,0,0,0,0,0,1,1,0,0,1,0,0,1,0,3,0,3,0,0,0,0,0,0,0,0,0,0,0,0
1,16,5,4,2,1,1,1,1,2,0,0,1,0,1,1,0,0,1,0,0,0,2,0,1,0,1,0,1,0,1,1,1,0,4,0,1,0,0,0,0,0,0,3,1,0,1,1,1,1,2,0,0,0,1,0,0,1,0,0,0,1,0,1,1,0,0,0,0,1,0,0,1,0,0,0,0,0,1,1,0,0,1,0,0,1,0,3,0,3,0,0,0,0,0,0,0,0,0,0,0,0
1,17,5,4,2,1,1,1,1,2,0,0,1,0,1,1,0,0,1,0,0,0,2,0,1,0,1,0,1,0,1,1,1,0,4,0,1,0,0,0,0,0,0,3,1,0,1,1,1,1,2,0,0,0,1,0,0,1,0,0,0,1,0,1,1,0,0,0,0,1,0,0,1,0,0,0,0,0,1,1,0,0,1,0,0,1,0,3,0,3,0,0,0,0,0,0,0,0,0,0,0,0
1,18,5,4,2,1,1,1,1,2,0,0,1,0,1,1,0,0,1,0,0,0,2,0,1,0,1,0,1,0,1,1,1,0,4,0,1,0,0,0,0,0,0,3,1,0,1,1,1,1,2,0,0,0,1,0,0,1,0,0,0,1,0,1,1,0,0,0,0,1,0,0,1,0,0,0,0,0,1,1,0,0,1,0,0,1,0,3,0,3,0,0,0,0,0,0,0,0,0,0,0,0
1,19,5,4,2,1,1,1,1,2,0,0,1,0,1,1,0,0,1,0,0,0,2,0,1,0,1,0,1,0,1,1,1,0,4,0,1,0,0,0,0,0,0,3,1,0,1,1,1,1,2,0,0,0,1,0,0,1,0,0,0,1,0,1,1,0,0,0,0,1,0,0,1,0,0,0,0,0,1,1,0,0,1,0,0,1,0,3,0,3,0,0,0,0,0,0,0,0,0,0,0,0
1,20,5,4,2,1,1,1,1,2,0,0,1,0,1,1,0,0,1,0,0,0,2,0,1,0,1,0,1,0,1,1,1,0,4,0,1,0,0,0,0,0,0,3,1,0,1,1,1,1,2,0,0,0,1,0,0,1,0,0,0,1,0,1,1,0,0,0,0,1,0,0,1,0,0,0,0,0,1,1,0,0,1,0,0,1,0,3,0,3,0,0,0,0,0,0,0,0,0,0,0,0
1,21,5,4,2,1,1,1,1,2,0,0,1,0,1,1,0,0,1,0,0,0,2,0,1,0,1,0,1,0,1,1,1,0,4,0,1,0,0,0,0,0,0,3,1,0,1,1,1,1,2,0,0,0,1,0,0,1,0,0,0,1,0,1,1,0,0,0,0,1,0,0,1,0,0,0,0,0,1,1,0,0,1,0,0,1,0,3,0,3,0,0,0,0,0,0,0,0,0,0,0,0
1,22,5,4,2,1,1,1,1,2,0,0,1,0,1,1,0,0,1,0,0,0,2,0,1,0,1,0,1,0,1,1,1,0,4,0,1,0,0,0,0,0,0,3,1,0,1,1,1,1,2,0,0,0,1,0,0,1,0,0,0,1,0,1,1,0,0,0,0,1,0,0,1,0,0,0,0,0,1,1,0,0,1,0,0,1,0,3,0,3,0,0,0,0,0,0,0,0,0,0,0,0
1,23,5,4,2,1,1,1,1,2,0,0,1,0,1,1,0,0,1,0,0,0,2,0,1,0,1,0,1,0,1,1,1,0,4,0,1,0,0,0,0,0,0,3,1,0,1,1,1,1,2,0,0,0,1,0,0,1,0,0,0,1,0,1,1,0,0,0,0,1,0,0,1,0,0,0,0,0,1,1,0,0,1,0,0,1,0,3,0,3,0,0,0,0,0,0,0,0,0,0,0,0
1,24,5,4,2,1,1,1,1,2,0,0,1,0,1,1,0,0,1,0,0,0,2,0,1,0,1,0,1,0,1,1,1,0,4,0,1,0,0,0,0,0,0,3,1,0,1,1,1,1,2,0,0,0,1,0,0,1,0,0,0,1,0,1,1,0,0,0,0,1,0,0,1,0,0,0,0,0,1,1,0,0,1,0,0,1,0,3,0,3,0,0,0,0,0,0,0,0,0,0,0,0
1,25,5,4,2,1,1,1,1,2,0,0,1,0,1,1,0,0,1,0,0,0,2,0,1,0,1,0,1,0,1,1,1,0,4,0,1,0,0,0,0,0,0,3,1,0,1,1,1,1,2,0,0,0,1,0,0,1,0,0,0,1,0,1,1,0,0,0,0,1,0,0,1,0,0,0,0,0,1,1,0,0,1,0,0,1,0,3,0,3,0,0,0,0,0,0,0,0,0,0,0,0
1,26,5,4,2,1,1,1,1,2,0,0,1,0,1,1,0,0,1,0,0,0,2,0,1,0,1,0,1,0,1,1,1,0,4,0,1,0,0,0,0,0,0,3,1,0,1,1,1,1,2,0,0,0,1,0,0,1,0,0,0,1,0,1,1,0,0,0,0,1,0,0,1,0,0,0,0,0,1,1,0,0,1,0,0,1,0,3,0,3,0,0,0,0,0,0,0,0,0,0,0,0
1,27,5,4,2,1,1,1,1,2,0,0,1,0,1,1,0,0,1,0,0,0,2,0,1,0,1,0,1,0,1,1,1,0,4,0,1,0,0,0,0,0,0,3,1,0,1,1,1,1,2,0,0,0,1,0,0,1,0,0,0,1,0,1,1,0,0,0,0,1,0,0,1,0,0,0,0,0,1,1,0,0,1,0,0,1,0,3,0,3,0,0,0,0,0,0,0,0,0,0,0,0
1,28,5,4,2,1,1,1,1,2,0,0,1,0,1,1,0,0,1,0,0,0,2,0,1,0,1,0,1,0,1,1,1,0,4,0,1,0,0,0,0,0,0,3,1,0,1,1,1,1,2,0,0,0,1,0,0,1,0,0,0,1,0,1,1,0,0,0,0,1,0,0,1,0,0,0,0,0,1,1,0,0,1,0,0,1,0,3,0,3,0,0,0,0,0,0,0,0,0,0,0,0
1,29,5,4,2,1,1,1,1,2,0,0,1,0,1,1,0,0,1,0,0,0,2,0,1,0,1,0,1,0,1,1,1,0,4,0,1,0,0,0,0,0,0,3,1,0,1,1,1,1,2,0,0,0,1,0,0,1,0,0,0,1,0,1,1,0,0,0,0,1,0,0,1,0,0,0,0,0,1,1,0,0,1,0,0,1,0,3,0,3,0,0,0,0,0,0,0,0,0,0,0,0
1,30,5,4,2,1,1,1,1,2,0,0,1,0,1,1,0,0,1,0,0,0,2,0,1,0,1,0,1,0,1,1,1,0,4,0,1,0,0,0,0,0,0,3,1,0,1,1,1,1,2,0,0,0,1,0,0,1,0,0,0,1,0,1,1,0,0,0,0,1,0,0,1,0,0,0,0,0,1,1,0,0,1,0,0,1,0,3,0,3,0,0,0,0,0,0,0,0,0,0,0,0
1,31,5,4,2,1,1,1,1,2,0,0,1,0,1,1,0,0,1,0,0,0,2,0,1,0,1,0,1,0,1,1,1,0,4,0,1,0,0,0,0,0,0,3,1,0,1,1,1,1,2,0,0,0,1,0,0,1,0,0,0,1,0,1,1,0,0,0,0,1,0,0,1,0,0,0,0,0,1,1,0,0,1,0,0,1,0,3,0,3,0,0,0,0,0,0,0,0,0,0,0,0
1,32,5,4,2,1,1,1,1,2,0,0,1,0,1,1,0,0,1,0,0,0,2,0,1,0,1,0,1,0,1,1,1,0,4,0,1,0,0,0,0,0,0,3,1,0,1,1,1,1,2,0,0,0,1,0,0,1,0,0,0,1,0,1,1,0,0,0,0,1,0,0,1,0,0,0,0,0,1,1,0,0,1,0,0,1,0,3,0,3,0,0,0,0,0,0,0,0,0,0,0,0
1,33,5,4,2,1,1,1,1,2,0,0,1,0,1,1,0,0,1,0,0,0,2,0,1,0,1,0,1,0,1,1,1,0,4,0,1,0,0,0,0,0,0,3,1,0,1,1,1,1,2,0,0,0,1,0,0,1,0,0,0,1,0,1,1,0,0,0,0,1,0,0,1,0,0,0,0,0,1,1,0,0,1,0,0,1,0,3,0,3,0,0,0,0,0,0,0,0,0,0,0,0
1,34,5,4,2,1,1,1,1,2,0,0,1,0,1,1,0,0,1,0,0,0,2,0,1,0,1,0,1,0,1,1,1,0,4,0,1,0,0,0,0,0,0,3,1,0,1,1,1,1,2,0,0,0,1,0,0,1,0,0,0,1,0,1,1,0,0,0,0,1,0,0,1,0,0,0,0,0,1,1,0,0,1,0,0,1,0,3,0,3,0,0,0,0,0,0,0,0,0,0,0,0
1,35,5,4,2,1,1,1,1,2,0,0,1,0,1,1,0,0,1,0,0,0,2,0,1,0,1,0,1,0,1,1,1,0,4,0,1,0,0,0,0,0,0,3,1,0,1,1,1,1,2,0,0,0,1,0,0,1,0,0,0,1,0,1,1,0,0,0,0,1,0,0,1,0,0,0,0,0,1,1,0,0,1,0,0,1,0,3,0,3,0,0,0,0,0,0,0,0,0,0,0,0
1,36,5,4,2,1,1,1,1,2,0,0,1,0,1,1,0,0,1,0,0,0,2,0,1,0,1,0,1,0,1,1,1,0,4,0,1,0,0,0,0,0,0,3,1,0,1,1,1,1,2,0,0,0,1,0,0,1,0,0,0,1,0,1,1,0,0,0,0,1,0,0,1,0,0,0,0,0,1,1,0,0,1,0,0,1,0,3,0,3,0,0,0,0,0,0,0,0,0,0,0,0
1,37,5,4,2,1,1,1,1,2,0,0,1,0,1,1,0,0,1,0,0,0,2,0,1,0,1,0,1,0,1,1,1,0,4,0,1,0,0,0,0,0,0,3,1,0,1,1,1,1,2,0,0,0,1,0,0,1,0,0,0,1,0,1,1,0,0,0,0,1,0,0,1,0,0,0,0,0,1,1,0,0,1,0,0,1,0,3,0,3,0,0,0,0,0,0,0,0,0,0,0,0
1,38,5,4,2,1,1,1,1,2,0,0,1,0,1,1,0,0,1,0,0,0,2,0,1,0,1,0,1,0,1,1,1,0,4,0,1,0,0,0,0,0,0,3,1,0,1,1,1,1,2,0,0,0,1,0,0,1,0,0,0,1,0,1,1,0,0,0,0,1,0,0,1,0,0,0,0,0,1,1,0,0,1,0,0,1,0,3,0,3,0,0,0,0,0,0,0,0,0,0,0,0
1,39,5,4,2,1,1,1,1,2,0,0,1,0,1,1,0,0,1,0,0,0,2,0,1,0,1,0,1,0,1,1,1,0,4,0,1,0,0,0,0,0,0,3,1,0,1,1,1,1,2,0,0,0,1,0,0,1,0,0,0,1,0,1,1,0,0,0,0,1,0,0,1,0,0,0,0,0,1,1,0,0,1,0,0,1,0,3,0,3,0,0,0,0,0,0,0,0,0,0,0,0
2,0,0,2,3,2,0,5,0,2,0,0,2,0,0,0,1,2,1,0,0,0,0,0,1,3,0,1,0,1,3,2,0,1,0,0,2,0,0,1,4,0,2,0,1,1,0,1,2,0,1,1,0,1,0,0,0,0,2,0,2,0,2,0,0,0,1,1,0,0,1,1,0,1,0,0,0,0,0,2,0,0,0,1,0,0,1,0,0,0,0,1,0,0,0,0,1,0,0,0,0,0
2,1,0,2,3,2,0,0,2,3,0,0,2,1,0,1,0,2,0,3,0,0,1,0,1,3,0,1,0,1,3,2,0,1,0,0,2,0,0,1,4,0,2,0,1,1,0,1,2,0,1,1,0,1,0,1,0,0,0,0,1,0,1,0,0,0,1,1,0,0,1,1,0,1,0,0,0,0,0,0,2,1,0,1,0,0,1,0,0,0,0,0,2,0,0,0,1,0,0,0,0,0
2,2,0,2,3,2,0,0,2,3,0,0,2,1,0,1,0,2,0,3,0,0,1,0,1,0,0,1,0,0,2,2,0,0,0,0,2,0,0,1,4,0,2,0,1,1,0,1,2,0,1,1,0,1,0,1,0,0,0,0,1,0,1,0,0,0,0,0,0,0,0,1,0,1,0,0,0,0,0,0,2,1,0,0,0,0,1,0,0,0,0,0,2,0,0,0,1,0,1,0,0,0
2,3,0,0,3,2,0,0,0,3,0,0,2,0,0,1,0,2,0,3,0,0,1,0,1,0,0,1,0,0,2,2,0,0,0,0,2,0,1,1,4,0,2,1,0,1,0,1,2,0,1,1,0,2,0,0,0,0,0,0,1,0,0,0,0,0,0,0,0,0,1,1,0,0,0,0,0,0,0,1,2,1,0,0,0,0,1,0,0,0,0,0,2,0,0,0,0,0,1,0,0,0
2,4,0,0,3,2,0,0,0,3,0,0,2,0,0,1,0,2,0,3,0,0,1,0,1,0,0,1,0,0,2,2,0,0,0,0,2,0,1,1,4,0,2,1,0,1,0,1,2,0,1,1,0,2,0,1,0,0,0,0,1,0,0,0,0,0,0,0,0,0,1,1,0,0,0,0,0,0,0,0,2,1,0,0,0,0,1,0,0,0,0,0,2,0,0,0,0,0,1,0,0,0
2,5,0,0,3,2,0,0,0,3,0,0,2,0,0,1,0,2,0,3,0,0,1,0,1,0,0,1,0,0,2,2,0,0,1,0,2,0,1,1,4,0,0,1,0,1,0,1,2,0,1,1,0,2,0,1,0,0,0,0,1,0,0,0,0,0,0,0,0,0,1,1,0,0,0,0,0,0,0,0,2,1,0,0,0,0,1,0,0,0,0,0,2,0,0,0,0,0,0,0,0,0
2,6,0,0,3,2,0,0,0,3,0,0,2,0,0,1,0,2,0,3,0,0,1,0,1,0,0,1,0,0,2,2,0,0,1,0,2,0,1,1,4,0,0,1,0,1,0,1,2,0,1,1,0,2,0,1,0,0,0,0,1,0,0,0,0,0,1,0,0,0,1,1,0,0,0,0,0,0,0,0,2,1,0,0,0,0,1,0,0,0,0,0,2,0,0,0,0,0,0,0,0,0
2,7,0,0,3,2,0,0,0,3,0,0,2,0,0,1,0,2,0,3,0,0,1,0,1,0,0,1,0,0,2,2,0,0,1,0,2,0,1,1,1,0,0,1,0,1,0,1,2,0,1,1,0,2,0,1,0,0,0,0,1,0,0,0,0,0,1,0,0,0,1,0,0,0,0,0,0,0,0,0,2,1,0,0,0,0,1,0,0,0,0,0,2,0,0,0,0,0,0,0,0,0
2,8,0,0,3,2,0,0,0,3,0,0,0,0,0,1,0,2,0,3,0,0,1,0,1,0,0,1,0,0,2,2,0,0,1,0,2,0,1,1,1,0,0,1,0,1,0,1,2,0,1,1,0,2,0,1,0,0,0,0,1,0,0,0,0,0,1,0,0,0,1,0,0,0,0,0,0,0,0,0,0,1,0,0,0,0,1,0,0,0,0,0,2,0,0,0,0,0,0,0,0,0
2,9,0,0,3,2,0,0,0,3,0,0,0,1,0,1,0,2,0,3,0,0,1,0,1,0,0,1,0,0,2,2,0,0,1,0,2,0,1,1,1,0,0,1,0,1,0,1,2,0,1,1,0,2,0,1,0,0,0,0,1,0,0,0,0,0,1,0,0,0,1,0,0,0,0,0,0,0,0,0,0,1,0,0,0,0,1,0,0,0,0,0,2,0,0,0,0,0,0,0,0,0
2,10,0,0,3,2,0,0,0,3,0,0,0,1,0,1,0,2,0,3,0,0,1,0,1,0,0,1,0,0,2,2,0,0,1,0,2,0,1,1,1,0,0,1,0,1,0,1,2,0,1,1,0,2,0,1,0,0,0,0,1,0,0,0,0,0,1,0,0,0,1,0,0,0,0,0,0,0,0,0,0,1,0,0,0,0,1,0,0,0,0,0,2,0,0,0,0,0,0,0,0,0
2,11,0,0,3,2,0,0,0,3,0,0,0,1,0,1,0,2,0,3,0,0,1,0,1,0,0,1,0,0,2,2,0,0,1,0,2,0,1,1,1,0,0,1,0,1,0,1,2,0,1,1,0,2,0,1,0,0,0,0,1,0,0,0,0,0,1,0,0,0,1,0,0,0,0,0,0,0,0,0,0,1,0,0,0,0,1,0,0,0,0,0,2,0,0,0,0,0,0,0,0,0
2,12,0,0,3,2,0,0,0,3,0,0,0,1,0,1,0,2,0,3,0,0,1,0,1,0,0,1,0,0,2,2,0,0,1,0,2,0,1,1,1,0,0,1,0,1,0,1,2,0,1,1,0,2,0,1,0,0,0,0,1,0,0,0,0,0,1,0,0,0,1,0,0,0,0,0,0,0,0,0,0,1,0,0,0,0,1,0,0,0,0,0,2,0,0,0,0,0,0,0,0,0
2,13,0,0,3,2,0,0,0,3,0,0,0,1,0,1,0,2,0,3,0,0,1,0,1,0,0,1,0,0,2,2,0,0,1,0,2,0,1,1,1,0,0,1,0,1,0,1,2,0,1,1,0,2,0,1,0,0,0,0,1,0,0,0,0,0,1,0,0,0,1,0,0,0,0,0,0,0,0,0,0,1,0,0,0,0,1,0,0,0,0,0,2,0,0,0,0,0,0,0,0,0
2,14,0,0,3,2,0,0,0,3,0,0,0,1,0,1,0,2,0,3,0,0,1,0,1,0,0,1,0,0,2,2,0,0,1,0,2,0,1,1,1,0,0,1,0,1,0,1,2,0,1,1,0,2,0,1,0,0,0,0,1,0,0,0,0,0,1,0,0,0,1,0,0,0,0,0,0,0,0,0,0,1,0,0,0,0,1,0,0,0,0,0,2,0,0,0,0,0,0,0,0,0
2,15,0,0,3,2,0,0,0,3,0,0,0,1,0,1,0,2,0,3,0,0,1,0,1,0,0,1,0,0,2,2,0,0,1,0,2,0,1,1,1,0,0,1,0,1,0,1,2,0,1,1,0,2,0,1,0,0,0,0,1,0,0,0,0,0,1,0,0,0,1,0,0,0,0,0,0,0,0,0,0,1,0,0,0,0,1,0,0,0,0,0,2,0,0,0,0,0,0,0,0,0
2,16,0,0,3,2,0,0,0,3,0,0,0,1,0,1,0,2,0,3,0,0,1,0,1,0,0,1,0,0,2,2,0,0,1,0,2,0,1,1,1,0,0,1,0,1,0,1,2,0,1,1,0,2,0,1,0,0,0,0,1,0,0,0,0,0,1,0,0,0,1,0,0,0,0,0,0,0,0,0,0,1,0,0,0,0,1,0,0,0,0,0,2,0,0,0,0,0,0,0,0,0
2,17,0,0,3,2,0,0,0,3,0,0,0,1,0,1,0,2,0,3,0,0,1,0,1,0,0,1,0,0,2,2,0,0,1,0,2,0,1,1,1,0,0,1,0,1,0,1,2,0,1,1,0,2,0,1,0,0,0,0,1,0,0,0,0,0,1,0,0,0,1,0,0,0,0,0,0,0,0,0,0,1,0,0,0,0,1,0,0,0,0,0,2,0,0,0,0,0,0,0,0,0
2,18,0,0,3,2,0,0,0,3,0,0,0,1,0,1,0,2,0,3,0,0,1,0,1,0,0,1,0,0,2,2,0,0,1,0,2,0,1,1,1,0,0,1,0,1,0,1,2,0,1,1,0,2,0,1,0,0,0,0,1,0,0,0,0,0,1,0,0,0,1,0,0,0,0,0,0,0,0,0,0,1,0,0,0,0,1,0,0,0,0,0,2,0,0,0,0,0,0,0,0,0
2,19,0,0,3,2,0,0,0,3,0,0,0,1,0,1,0,2,0,3,0,0,1,0,1,0,0,1,0,0,2,2,0,0,1,0,2,0,1,1,1,0,0,1,0,1,0,1,2,0,1,1,0,2,0,1,0,0,0,0,1,0,0,0,0,0,1,0,0,0,1,0,0,0,0,0,0,0,0,0,0,1,0,0,0,0,1,0,0,0,0,0,2,0,0,0,0,0,0,0,0,0
2,20,0,0,3,2,0,0,0,3,0,0,0,1,0,1,0,2,0,3,0,0,1,0,1,0,0,1,0,0,2,2,0,0,1,0,2,0,1,1,1,0,0,1,0,1,0,1,2,0,1,1,0,2,0,1,0,0,0,0,1,0,0,0,0,0,1,0,0,0,1,0,0,0,0,0,0,0,0,0,0,1,0,0,0,0,1,0,0,0,0,0,2,0,0,0,0,0,0,0,0,0
2,21,0,0,3,2,0,0,0,3,0,0,0,1,0,1,0,2,0,3,0,0,1,0,1,0,0,1,0,0,2,2,0,0,1,0,2,0,1,1,1,0,0,1,0,1,0,1,2,0,1,1,0,2,0,1,0,0,0,0,1,0,0,0,0,0,1,0,0,0,1,0,0,0,0,0,0,0,0,0,0,1,0,0,0,0,1,0,0,0,0,0,2,0,0,0,0,0,0,0,0,0
2,22,0,0,3,2,0,0,0,3,0,0,0,1,0,1,0,2,0,3,0,0,1,0,1,0,0,1,0,0,2,2,0,0,1,0,2,0,1,1,1,0,0,1,0,1,0,1,2,0,1,1,0,2,0,1,0,0,0,0,1,0,0,0,0,0,1,0,0,0,1,0,0,0,0,0,0,0,0,0,0,1,0,0,0,0,1,0,0,0,0,0,2,0,0,0,0,0,0,0,0,0
2,23,0,0,3,2,0,0,0,3,0,0,0,1,0,1,0,2,0,3,0,0,1,0,1,0,0,1,0,0,2,2,0,0,1,0,2,0,1,1,1,0,0,1,0,1,0,1,2,0,1,1,0,2,0,1,0,0,0,0,1,0,0,0,0,0,1,0,0,0,1,0,0,0,0,0,0,0,0,0,0,1,0,0,0,0,1,0,0,0,0,0,2,0,0,0,0,0,0,0,0,0
2,24,0,0,3,2,0,0,0,3,0,0,0,1,0,1,0,2,0,3,0,0,1,0,1,0,0,1,0,0,2,2,0,0,1,0,2,0,1,1,1,0,0,1,0,1,0,1,2,0,1,1,0,2,0,1,0,0,0,0,1,0,0,0,0,0,1,0,0,0,1,0,0,0,0,0,0,0,0,0,0,1,0,0,0,0,1,0,0,0,0,0,2,0,0,0,0,0,0,0,0,0
2,25,0,0,3,2,0,0,0,3,0,0,0,1,0,1,0,2,0,3,0,0,1,0,1,0,0,1,0,0,2,2,0,0,1,0,2,0,1,1,1,0,0,1,0,1,0,1,2,0,1,1,0,2,0,1,0,0,0,0,1,0,0,0,0,0,1,0,0,0,1,0,0,0,0,0,0,0,0,0,0,1,0,0,0,0,1,0,0,0,0,0,2,0,0,0,0,0,0,0,0,0
2,26,0,0,3,2,0,0,0,3,0,0,0,1,0,1,0,2,0,3,0,0,1,0,1,0,0,1,0,0,2,2,0,0,1,0,2,0,1,1,1,0,0,1,0,1,0,1,2,0,1,1,0,2,0,1,0,0,0,0,1,0,0,0,0,0,1,0,0,0,1,0,0,0,0,0,0,0,0,0,0,1,0,0,0,0,1,0,0,0,0,0,2,0,0,0,0,0,0,0,0,0
2,27,0,0,3,2,0,0,0,3,0,0,0,1,0,1,0,2,0,3,0,0,1,0,1,0,0,1,0,0,2,2,0,0,1,0,2,0,1,1,1,0,0,1,0,1,0,1,2,0,1,1,0,2,0,1,0,0,0,0,1,0,0,0,0,0,1,0,0,0,1,0,0,0,0,0,0,0,0,0,0,1,0,0,0,0,1,0,0,0,0,0,2,0,0,0,0,0,0,0,0,0
2,28,0,0,3,2,0,0,0,3,0,0,0,1,0,1,0,2,0,3,0,0,1,0,1,0,0,1,0,0,2,2,0,0,1,0,2,0,1,1,1,0,0,1,0,1,0,1,2,0,1,1,0,2,0,1,0,0,0,0,1,0,0,0,0,0,1,0,0,0,1,0,0,0,0,0,0,0,0,0,0,1,0,0,0,0,1,0,0,0,0,0,2,0,0,0,0,0,0,0,0,0
2,29,0,0,3,2,0,0,0,3,0,0,0,1,0,1,0,2,0,3,0,0,1,0,1,0,0,1,0,0,2,2,0,0,1,0,2,0,1,1,1,0,0,1,0,1,0,1,2,0,1,1,0,2,0,1,0,0,0,0,1,0,0,0,0,0,1,0,0,0,1,0,0,0,0,0,0,0,0,0,0,1,0,0,0,0,1,0,0,0,0,0,2,0,0,0,0,0,0,0,0,0
2,30,0,0,3,2,0,0,0,3,0,0,0,1,0,1,0,2,0,3,0,0,1,0,1,0,0,1,0,0,2,2,0,0,1,0,2,0,1,1,1,0,0,1,0,1,0,1,2,0,1,1,0,2,0,1,0,0,0,0,1,0,0,0,0,0,1,0,0,0,1,0,0,0,0,0,0,0,0,0,0,1,0,0,0,0,1,0,0,0,0,0,2,0,0,0,0,0,0,0,0,0
2,31,0,0,3,2,0,0,0,3,0,0,0,1,0,1,0,2,0,3,0,0,1,0,1,0,0,1,0,0,2,2,0,0,1,0,2,0,1,1,1,0,0,1,0,1,0,1,2,0,1,1,0,2,0,1,0,0,0,0,1,0,0,0,0,0,1,0,0,0,1,0,0,0,0,0,0,0,0,0,0,1,0,0,0,0,1,0,0,0,0,0,2,0,0,0,0,0,0,0,0,0
2,32,0,0,3,2,0,0,0,3,0,0,0,1,0,1,0,2,0,3,0,0,1,0,1,0,0,1,0,0,2,2,0,0,1,0,2,0,1,1,1,0,0,1,0,1,0,1,2,0,1,1,0,2,0,1,0,0,0,0,1,0,0,0,0,0,1,0,0,0,1,0,0,0,0,0,0,0,0,0,0,1,0,0,0,0,1,0,0,0,0,0,2,0,0,0,0,0,0,0,0,0
2,33,0,0,3,2,0,0,0,3,0,0,0,1,0,1,0,2,0,3,0,0,1,0,1,0,0,1,0,0,2,2,0,0,1,0,2,0,1,1,1,0,0,1,0,1,0,1,2,0,1,1,0,2,0,1,0,0,0,0,1,0,0,0,0,0,1,0,0,0,1,0,0,0,0,0,0,0,0,0,0,1,0,0,0,0,1,0,0,0,0,0,2,0,0,0,0,0,0,0,0,0
2,34,0,0,3,2,0,0,0,3,0,0,0,1,0,1,0,2,0,3,0,0,1,0,1,0,0,1,0,0,2,2,0,0,1,0,2,0,1,1,1,0,0,1,0,1,0,1,2,0,1,1,0,2,0,1,0,0,0,0,1,0,0,0,0,0,1,0,0,0,1,0,0,0,0,0,0,0,0,0,0,1,0,0,0,0,1,0,0,0,0,0,2,0,0,0,0,0,0,0,0,0
2,35,0,0,3,2,0,0,0,3,0,0,0,1,0,1,0,2,0,3,0,0,1,0,1,0,0,1,0,0,2,2,0,0,1,0,2,0,1,1,1,0,0,1,0,1,0,1,2,0,1,1,0,2,0,1,0,0,0,0,1,0,0,0,0,0,1,0,0,0,1,0,0,0,0,0,0,0,0,0,0,1,0,0,0,0,1,0,0,0,0,0,2,0,0,0,0,0,0,0,0,0
2,36,0,0,3,2,0,0,0,3,0,0,0,1,0,1,0,2,0,3,0,0,1,0,1,0,0,1,0,0,2,2,0,0,1,0,2,0,1,1,1,0,0,1,0,1,0,1,2,0,1,1,0,2,0,1,0,0,0,0,1,0,0,0,0,0,1,0,0,0,1,0,0,0,0,0,0,0,0,0,0,1,0,0,0,0,1,0,0,0,0,0,2,0,0,0,0,0,0,0,0,0
2,37,0,0,3,2,0,0,0,3,0,0,0,1,0,1,0,2,0,3,0,0,1,0,1,0,0,1,0,0,2,2,0,0,1,0,2,0,1,1,1,0,0,1,0,1,0,1,2,0,1,1,0,2,0,1,0,0,0,0,1,0,0,0,0,0,1,0,0,0,1,0,0,0,0,0,0,0,0,0,0,1,0,0,0,0,1,0,0,0,0,0,2,0,0,0,0,0,0,0,0,0
2,38,0,0,3,2,0,0,0,3,0,0,0,1,0,1,0,2,0,3,0,0,1,0,1,0,0,1,0,0,2,2,0,0,1,0,2,0,1,1,1,0,0,1,0,1,0,1,2,0,1,1,0,2,0,1,0,0,0,0,1,0,0,0,0,0,1,0,0,0,1,0,0,0,0,0,0,0,0,0,0,1,0,0,0,0,1,0,0,0,0,0,2,0,0,0,0,0,0,0,0,0
2,39,0,0,3,2,0,0,0,3,0,0,0,1,0,1,0,2,0,3,0,0,1,0,1,0,0,1,0,0,2,2,0,0,1,0,2,0,1,1,1,0,0,1,0,1,0,1,2,0,1,1,0,2,0,1,0,0,0,0,1,0,0,0,0,0,1,0,0,0,1,0,0,0,0,0,0,0,0,0,0,1,0,0,0,0,1,0,0,0,0,0,2,0,0,0,0,0,0,0,0,0
3,0,2,0,2,0,0,2,0,1,0,2,0,0,0,0,0,1,2,1,1,0,0,1,0,1,4,2,1,1,0,5,1,2,0,0,0,2,2,0,0,0,3,1,0,0,4,0,2,0,1,0,0,0,1,1,0,2,0,1,0,0,0,0,1,0,1,1,0,1,0,0,5,0,0,5,0,0,0,0,0,1,0,1,0,1,1,0,0,0,0,0,0,0,1,1,0,0,0,0,0,2
3,1,2,0,0,0,0,2,0,1,0,2,0,0,0,0,0,1,2,1,1,0,0,1,0,1,4,2,1,1,0,5,1,2,0,0,0,2,2,0,0,1,0,0,0,0,0,0,2,0,1,3,0,0,0,1,0,2,0,1,0,0,0,0,1,0,1,1,0,1,0,0,0,0,0,0,1,0,0,0,0,1,0,1,0,1,1,0,0,2,1,0,0,0,1,0,0,0,0,0,0,2
3,2,2,0,0,0,0,2,0,1,0,2,0,0,0,0,0,1,2,1,1,0,0,1,0,2,4,2,0,1,0,1,1,2,0,0,0,1,0,0,0,1,0,0,0,0,0,0,2,0,1,3,0,0,0,1,0,2,0,1,0,0,0,0,0,0,0,1,0,2,2,0,0,0,0,0,1,0,0,0,0,1,0,0,0,1,1,0,0,2,1,0,0,1,2,0,0,0,0,0,0,1
3,3,2,0,0,0,0,2,0,1,0,2,0,0,0,0,0,1,2,1,0,0,0,1,0,2,4,2,0,1,0,1,1,2,0,0,0,1,0,0,0,1,0,0,0,0,0,0,2,0,1,3,0,0,0,1,0,2,0,0,0,0,0,0,0,0,0,1,0,2,2,0,0,0,0,0,1,0,0,0,0,0,1,0,0,1,1,0,0,2,1,0,0,1,2,0,0,0,0,0,0,1
3,4,2,0,0,0,0,2,0,1,0,2,0,0,0,0,0,1,2,0,0,0,0,1,0,2,4,2,0,1,0,1,0,2,0,0,0,1,0,0,0,1,0,0,0,0,0,0,2,0,1,3,0,0,0,1,0,2,0,0,0,0,0,0,0,0,0,1,0,2,2,0,1,0,0,0,1,0,0,0,0,0,1,0,0,1,1,0,0,2,1,0,0,1,0,0,0,0,0,0,0,1
3,5,2,0,0,0,0,2,0,1,0,2,0,0,0,0,0,1,2,0,0,0,0,1,0,2,4,2,0,1,0,1,0,2,0,0,0,1,0,0,0,1,0,0,0,0,0,0,2,0,1,3,0,0,0,1,0,2,1,0,0,0,0,0,0,0,0,1,0,2,2,0,1,0,0,0,1,0,0,0,0,0,1,0,0,1,1,0,0,2,1,0,0,1,0,0,0,0,0,0,0,1
3,6,2,0,0,0,0,2,0,1,0,2,0,0,0,0,0,1,2,0,0,0,0,1,0,2,4,2,0,1,0,1,0,2,0,0,0,1,0,0,0,1,0,0,0,0,0,0,2,0,1,3,0,0,0,1,0,2,1,0,0,0,0,0,0,0,0,1,0,2,2,0,1,0,0,0,1,0,0,0,0,0,1,0,0,1,1,0,0,2,1,0,0,1,0,0,0,0,0,0,0,1
3,7,2,0,0,0,0,2,0,1,0,2,0,0,0,0,0,1,2,0,0,0,0,1,0,2,4,2,0,1,0,1,0,2,0,0,0,1,0,0,0,1,0,0,0,0,0,0,2,0,1,3,0,0,0,1,0,2,1,0,0,0,0,0,0,0,0,1,0,2,2,0,1,0,0,0,1,0,0,0,0,0,1,0,0,1,1,0,0,2,1,0,0,1,0,0,0,0,0,0,0,1
3,8,2,0,0,0,0,2,0,1,0,2,0,0,0,0,0,1,2,0,0,0,0,1,0,2,4,2,0,1,0,1,0,2,0,0,0,1,0,0,0,1,0,0,0,0,0,0,2,0,1,3,0,0,0,1,0,2,1,0,0,0,0,0,0,0,0,1,0,2,2,0,1,0,0,0,1,0,0,0,0,0,1,0,0,1,1,0,0,2,1,0,0,1,0,0,0,0,0,0,0,1
3,9,2,0,0,0,0,2,0,1,0,2,0,0,0,0,0,1,2,0,0,0,0,1,0,2,4,2,0,1,0,1,0,2,0,0,0,1,0,0,0,1,0,0,0,0,0,0,2,0,1,3,0,0,0,1,0,2,1,0,0,0,0,0,0,0,0,1,0,2,2,0,1,0,0,0,1,0,0,0,0,0,1,0,0,1,1,0,0,2,1,0,0,1,0,0,0,0,0,0,0,1
3,10,2,0,0,0,0,2,0,1,0,2,0,0,0,0,0,1,2,0,0,0,0,1,0,2,4,2,0,1,0,1,0,2,0,0,0,1,0,0,0,1,0,0,0,0,0,0,2,0,1,3,0,0,0,1,0,2,1,0,0,0,0,0,0,0,0,1,0,2,2,0,1,0,0,0,1,0,0,0,0,0,1,0,0,1,1,0,0,2,1,0,0,1,0,0,0,0,0,0,0,1
3,11,2,0,0,0,0,2,0,1,0,2,0,0,0,0,0,1,2,0,0,0,0,1,0,2,4,2,0,1,0,1,0,2,0,0,0,1,0,0,0,1,0,0,0,0,0,0,2,0,1,3,0,0,0,1,0,2,1,0,0,0,0,0,0,0,0,1,0,2,2,0,1,0,0,0,1,0,0,0,0,0,1,0,0,1,1,0,0,2,1,0,0,1,0,0,0,0,0,0,0,1
3,12,2,0,0,0,0,2,0,1,0,2,0,0,0,0,0,1,2,0,0,0,0,1,0,2,4,2,0,1,0,1,0,2,0,0,0,1,0,0,0,1,0,0,0,0,0,0,2,0,1,3,0,0,0,1,0,2,1,0,0,0,0,0,0,0,0,1,0,2,2,0,1,0,0,0,1,0,0,0,0,0,1,0,0,1,1,0,0,2,1,0,0,1,0,0,0,0,0,0,0,1
3,13,2,0,0,0,0,2,0,1,0,2,0,0,0,0,0,1,2,0,0,0,0,1,0,2,4,2,0,1,0,1,0,2,0,0,0,1,0,0,0,1,0,0,0,0,0,0,2,0,1,3,0,0,0,1,0,2,1,0,0,0,0,0,0,0,0,1,0,2,2,0,1,0,0,0,1,0,0,0,0,0,1,0,0,1,1,0,0,2,1,0,0,1,0,0,0,0,0,0,0,1
3,14,2,0,0,0,0,2,0,1,0,2,0,0,0,0,0,1,2,0,0,0,0,1,0,2,4,2,0,1,0,1,0,2,0,0,0,1,0,0,0,1,0,0,0,0,0,0,2,0,1,3,0,0,0,1,0,2,1,0,0,0,0,0,0,0,0,1,0,2,2,0,1,0,0,0,1,0,0,0,0,0,1,0,0,1,1,0,0,2,1,0,0,1,0,0,0,0,0,0,0,1
3,15,2,0,0,0,0,2,0,1,0,2,0,0,0,0,0,1,2,0,0,0,0,1,0,2,4,2,0,1,0,1,0,2,0,0,0,1,0,0,0,1,0,0,0,0,0,0,2,0,1,3,0,0,0,1,0,2,1,0,0,0,0,0,0,0,0,1,0,2,2,0,1,0,0,0,1,0,0,0,0,0,1,0,0,1,1,0,0,2,1,0,0,1,0,0,0,0,0,0,0,1
3,16,2,0,0,0,0,2,0,1,0,2,0,0,0,0,0,1,2,0,0,0,0,1,0,2,4,2,0,1,0,1,0,2,0,0,0,1,0,0,0,1,0,0,0,0,0,0,2,0,1,3,0,0,0,1,0,2,1,0,0,0,0,0,0,0,0,1,0,2,2,0,1,0,0,0,1,0,0,0,0,0,1,0,0,1,1,0,0,2,1,0,0,1,0,0,0,0,0,0,0,1
3,17,2,0,0,0,0,2,0,1,0,2,0,0,0,0,0,1,2,0,0,0,0,1,0,2,4,2,0,1,0,1,0,2,0,0,0,1,0,0,0,1,0,0,0,0,0,0,2,0,1,3,0,0,0,1,0,2,1,0,0,0,0,0,0,0,0,1,0,2,2,0,1,0,0,0,1,0,0,0,0,0,1,0,0,1,1,0,0,2,1,0,0,1,0,0,0,0,0,0,0,1
3,18,2,0,0,0,0,2,0,1,0,2,0,0,0,0,0,1,2,0,0,0,0,1,0,2,4,2,0,1,0,1,0,2,0,0,0,1,0,0,0,1,0,0,0,0,0,0,2,0,1,3,0,0,0,1,0,2,1,0,0,0,0,0,0,0,0,1,0,2,2,0,1,0,0,0,1,0,0,0,0,0,1,0,0,1,1,0,0,2,1,0,0,1,0,0,0,0,0,0,0,1
3,19,2,0,0,0,0,2,0,1,0,2,0,0,0,0,0,1,2,0,0,0,0,1,0,2,4,2,0,1,0,1,0,2,0,0,0,1,0,0,0,1,0,0,0,0,0,0,2,0,1,3,0,0,0,1,0,2,1,0,0,0,0,0,0,0,0,1,0,2,2,0,1,0,0,0,1,0,0,0,0,0,1,0,0,1,1,0,0,2,1,0,0,1,0,0,0,0,0,0,0,1
3,20,2,0,0,0,0,2,0,1,0,2,0,0,0,0,0,1,2,0,0,0,0,1,0,2,4,2,0,1,0,1,0,2,0,0,0,1,0,0,0,1,0,0,0,0,0,0,2,0,1,3,0,0,0,1,0,2,1,0,0,0,0,0,0,0,0,1,0,2,2,0,1,0,0,0,1,0,0,0,0,0,1,0,0,1,1,0,0,2,1,0,0,1,0,0,0,0,0,0,0,1
3,21,2,0,0,0,0,2,0,1,0,2,0,0,0,0,0,1,2,0,0,0,0,1,0,2,4,2,0,1,0,1,0,2,0,0,0,1,0,0,0,1,0,0,0,0,0,0,2,0,1,3,0,0,0,1,0,2,1,0,0,0,0,0,0,0,0,1,0,2,2,0,1,0,0,0,1,0,0,0,0,0,1,0,0,1,1,0,0,2,1,0,0,1,0,0,0,0,0,0,0,1
3,22,2,0,0,0,0,2,0,1,0,2,0,0,0,0,0,1,2,0,0,0,0,1,0,2,4,2,0,1,0,1,0,2,0,0,0,1,0,0,0,1,0,0,0,0,0,0,2,0,1,3,0,0,0,1,0,2,1,0,0,0,0,0,0,0,0,1,0,2,2,0,1,0,0,0,1,0,0,0,0,0,1,0,0,1,1,0,0,2,1,0,0,1,0,0,0,0,0,0,0,1
3,23,2,0,0,0,0,2,0,1,0,2,0,0,0,0,0,1,2,0,0,0,0,1,0,2,4,2,0,1,0,1,0,2,0,0,0,1,0,0,0,1,0,0,0,0,0,0,2,0,1,3,0,0,0,1,0,2,1,0,0,0,0,0,0,0,0,1,0,2,2,0,1,0,0,0,1,0,0,0,0,0,1,0,0,1,1,0,0,2,1,0,0,1,0,0,0,0,0,0,0,1
3,24,2,0,0,0,0,2,0,1,0,2,0,0,0,0,0,1,2,0,0,0,0,1,0,2,4,2,0,1,0,1,0,2,0,0,0,1,0,0,0,1,0,0,0,0,0,0,2,0,1,3,0,0,0,1,0,2,1,0,0,0,0,0,0,0,0,1,0,2,2,0,1,0,0,0,1,0,0,0,0,0,1,0,0,1,1,0,0,2,1,0,0,1,0,0,0,0,0,0,0,1
3,25,2,0,0,0,0,2,0,1,0,2,0,0,0,0,0,1,2,0,0,0,0,1,0,2,4,2,0,1,0,1,0,2,0,0,0,1,0,0,0,1,0,0,0,0,0,0,2,0,1,3,0,0,0,1,0,2,1,0,0,0,0,0,0,0,0,1,0,2,2,0,1,0,0,0,1,0,0,0,0,0,1,0,0,1,1,0,0,2,1,0,0,1,0,0,0,0,0,0,0,1
3,26,2,0,0,0,0,2,0,1,0,2,0,0,0,0,0,1,2,0,0,0,0,1,0,2,4,2,0,1,0,1,0,2,0,0,0,1,0,0,0,1,0,0,0,0,0,0,2,0,1,3,0,0,0,1,0,2,1,0,0,0,0,0,0,0,0,1,0,2,2,0,1,0,0,0,1,0,0,0,0,0,1,0,0,1,1,0,0,2,1,0,0,1,0,0,0,0,0,0,0,1
3,27,2,0,0,0,0,2,0,1,0,2,0,0,0,0,0,1,2,0,0,0,0,1,0,2,4,2,0,1,0,1,0,2,0,0,0,1,0,0,0,1,0,0,0,0,0,0,2,0,1,3,0,0,0,1,0,2,1,0,0,0,0,0,0,0,0,1,0,2,2,0,1,0,0,0,1,0,0,0,0,0,1,0,0,1,1,0,0,2,1,0,0,1,0,0,0,0,0,0,0,1
3,28,2,0,0,0,0,2,0,1,0,2,0,0,0,0,0,1,2,0,0,0,0,1,0,2,4,2,0,1,0,1,0,2,0,0,0,1,0,0,0,1,0,0,0,0,0,0,2,0,1,3,0,0,0,1,0,2,1,0,0,0,0,0,0,0,0,1,0,2,2,0,1,0,0,0,1,0,0,0,0,0,1,0,0,1,1,0,0,2,1,0,0,1,0,0,0,0,0,0,0,1
3,29,2,0,0,0,0,2,0,1,0,2,0,0,0,0,0,1,2,0,0,0,0,1,0,2,4,2,0,1,0,1,0,2,0,0,0,1,0,0,0,1,0,0,0,0,0,0,2,0,1,3,0,0,0,1,0,2,1,0,0,0,0,0,0,0,0,1,0,2,2,0,1,0,0,0,1,0,0,0,0,0,1,0,0,1,1,0,0,2,1,0,0,1,0,0,0,0,0,0,0,1
3,30,2,0,0,0,0,2,0,1,0,2,0,0,0,0,0,1,2,0,0,0,0,1,0,2,4,2,0,1,0,1,0,2,0,0,0,1,0,0,0,1,0,0,0,0,0,0,2,0,1,3,0,0,0,1,0,2,1,0,0,0,0,0,0,0,0,1,0,2,2,0,1,0,0,0,1,0,0,0,0,0,1,0,0,1,1,0,0,2,1,0,0,1,0,0,0,0,0,0,0,1
3,31,2,0,0,0,0,2,0,1,0,2,0,0,0,0,0,1,2,0,0,0,0,1,0,2,4,2,0,1,0,1,0,2,0,0,0,1,0,0,0,1,0,0,0,0,0,0,2,0,1,3,0,0,0,1,0,2,1,0,0,0,0,0,0,0,0,1,0,2,2,0,1,0,0,0,1,0,0,0,0,0,1,0,0,1,1,0,0,2,1,0,0,1,0,0,0,0,0,0,0,1
3,32,2,0,0,0,0,2,0,1,0,2,0,0,0,0,0,1,2,0,0,0,0,1,0,2,4,2,0,1,0,1,0,2,0,0,0,1,0,0,0,1,0,0,0,0,0,0,2,0,1,3,0,0,0,1,0,2,1,0,0,0,0,0,0,0,0,1,0,2,2,0,1,0,0,0,1,0,0,0,0,0,1,0,0,1,1,0,0,2,1,0,0,1,0,0,0,0,0,0,0,1
3,33,2,0,0,0,0,2,0,1,0,2,0,0,0,0,0,1,2,0,0,0,0,1,0,2,4,2,0,1,0,1,0,2,0,0,0,1,0,0,0,1,0,0,0,0,0,0,2,0,1,3,0,0,0,1,0,2,1,0,0,0,0,0,0,0,0,1,0,2,2,0,1,0,0,0,1,0,0,0,0,0,1,0,0,1,1,0,0,2,1,0,0,1,0,0,0,0,0,0,0,1
3,34,2,0,0,0,0,2,0,1,0,2,0,0,0,0,0,1,2,0,0,0,0,1,0,2,4,2,0,1,0,1,0,2,0,0,0,1,0,0,0,1,0,0,0,0,0,0,2,0,1,3,0,0,0,1,0,2,1,0,0,0,0,0,0,0,0,1,0,2,2,0,1,0,0,0,1,0,0,0,0,0,1,0,0,1,1,0,0,2,1,0,0,1,0,0,0,0,0,0,0,1
3,35,2,0,0,0,0,2,0,1,0,2,0,0,0,0,0,1,2,0,0,0,0,1,0,2,4,2,0,1,0,1,0,2,0,0,0,1,0,0,0,1,0,0,0,0,0,0,2,0,1,3,0,0,0,1,0,2,1,0,0,0,0,0,0,0,0,1,0,2,2,0,1,0,0,0,1,0,0,0,0,0,1,0,0,1,1,0,0,2,1,0,0,1,0,0,0,0,0,0,0,1
3,36,2,0,0,0,0,2,0,1,0,2,0,0,0,0,0,1,2,0,0,0,0,1,0,2,4,2,0,1,0,1,0,2,0,0,0,1,0,0,0,1,0,0,0,0,0,0,2,0,1,3,0,0,0,1,0,2,1,0,0,0,0,0,0,0,0,1,0,2,2,0,1,0,0,0,1,0,0,0,0,0,1,0,0,1,1,0,0,2,1,0,0,1,0,0,0,0,0,0,0,1
3,37,2,0,0,0,0,2,0,1,0,2,0,0,0,0,0,1,2,0,0,0,0,1,0,2,4,2,0,1,0,1,0,2,0,0,0,1,0,0,0,1,0,0,0,0,0,0,2,0,1,3,0,0,0,1,0,2,1,0,0,0,0,0,0,0,0,1,0,2,2,0,1,0,0,0,1,0,0,0,0,0,1,0,0,1,1,0,0,2,1,0,0,1,0,0,0,0,0,0,0,1
3,38,2,0,0,0,0,2,0,1,0,2,0,0,0,0,0,1,2,0,0,0,0,1,0,2,4,2,0,1,0,1,0,2,0,0,0,1,0,0,0,1,0,0,0,0,0,0,2,0,1,3,0,0,0,1,0,2,1,0,0,0,0,0,0,0,0,1,0,2,2,0,1,0,0,0,1,0,0,0,0,0,1,0,0,1,1,0,0,2,1,0,0,1,0,0,0,0,0,0,0,1
3,39,2,0,0,0,0,2,0,1,0,2,0,0,0,0,0,1,2,0,0,0,0,1,0,2,4,2,0,1,0,1,0,2,0,0,0,1,0,0,0,1,0,0,0,0,0,0,2,0,1,3,0,0,0,1,0,2,1,0,0,0,0,0,0,0,0,1,0,2,2,0,1,0,0,0,1,0,0,0,0,0,1,0,0,1,1,0,0,2,1,0,0,1,0,0,0,0,0,0,0,1
4,0,0,1,1,0,1,2,2,0,0,0,0,1,0,0,0,2,1,0,1,0,0,1,2,3,0,0,0,0,2,1,1,0,0,1,0,0,0,1,0,0,0,0,1,5,0,1,0,5,2,0,1,0,0,1,1,5,3,1,3,0,0,0,0,0,0,1,0,1,0,0,0,0,0,0,0,0,2,0,1,5,0,0,1,1,1,0,0,0,0,0,0,0,0,0,0,0,0,0,0,0
4,1,0,1,1,0,1,2,2,0,0,0,0,1,0,0,0,2,1,0,1,0,0,1,0,3,1,0,3,0,2,0,1,0,2,1,0,0,1,1,0,0,0,0,1,5,0,1,0,5,2,0,1,0,0,1,1,5,3,1,3,0,0,0,0,0,1,1,0,0,1,0,0,0,0,0,0,0,2,0,1,5,0,0,0,0,1,0,0,0,0,0,0,0,0,0,0,0,0,0,0,0
4,2,0,1,1,0,1,2,3,0,0,0,0,1,0,1,0,2,0,0,1,0,0,1,0,3,1,0,3,0,2,0,1,0,2,1,0,0,1,1,0,0,0,0,1,5,1,0,0,0,2,0,1,0,0,0,1,5,3,1,0,0,0,0,0,0,1,1,0,0,1,0,1,0,0,0,0,0,2,0,1,2,0,0,0,0,1,0,0,1,0,0,1,0,0,0,0,1,0,0,0,0
4,3,0,1,1,0,1,2,3,0,0,0,0,1,0,1,0,2,0,0,1,0,0,1,0,3,1,0,3,0,2,0,1,0,2,1,0,0,1,0,0,0,0,0,1,5,0,0,0,0,2,0,1,0,0,0,1,5,3,1,0,0,0,0,0,0,1,1,0,0,1,0,1,0,0,0,0,0,2,0,1,2,0,0,0,0,1,0,0,1,0,0,1,0,0,0,0,1,0,0,0,0
4,4,0,1,1,0,1,2,3,0,0,0,0,1,0,1,0,2,0,0,1,0,0,1,0,3,1,0,3,0,2,0,1,1,2,1,0,0,1,0,0,0,0,0,1,5,0,0,0,0,2,0,1,0,0,0,1,0,3,1,0,0,0,0,0,0,1,1,0,0,1,0,1,0,0,0,0,0,2,0,1,2,0,0,0,0,0,0,0,1,0,0,1,0,0,0,0,0,0,0,0,0
4,5,1,1,1,0,1,2,3,0,0,0,0,1,0,1,0,2,0,0,1,0,0,1,0,3,1,0,3,0,2,0,1,1,2,1,0,0,1,0,0,0,0,0,1,5,0,0,0,0,2,0,1,0,0,0,1,0,3,1,0,0,0,0,0,0,1,0,0,0,1,0,1,0,0,0,0,0,2,0,1,2,0,0,0,0,0,0,0,1,0,0,1,0,0,0,0,0,0,0,0,0
4,6,1,1,1,0,1,2,3,0,0,0,0,1,0,1,0,2,0,0,1,0,0,1,0,3,1,0,3,0,2,0,1,1,2,1,0,0,1,1,0,0,0,0,1,5,0,0,0,0,2,0,0,0,0,0,1,0,3,1,0,0,0,0,0,0,1,0,0,0,1,0,1,0,0,0,0,0,2,0,1,2,0,0,0,0,0,0,0,1,0,0,1,0,0,0,0,0,0,0,0,0
4,7,1,1,1,0,1,2,3,0,0,0,0,1,0,1,0,2,0,0,1,0,0,1,0,3,1,0,3,0,2,0,1,1,2,1,0,0,1,1,0,0,0,0,1,5,0,0,0,0,2,0,0,0,0,0,1,0,3,1,0,0,0,0,0,0,1,0,0,0,1,0,1,0,0,0,0,0,2,0,1,2,0,0,0,0,0,0,0,1,0,0,1,0,0,0,0,0,0,0,0,0
4,8,1,1,1,0,1,2,3,0,0,0,0,1,0,1,0,2,0,0,1,0,0,1,0,3,1,0,3,0,2,0,1,0,2,1,0,0,1,1,0,0,0,0,1,5,0,0,0,0,2,0,0,0,0,0,1,0,3,1,0,0,0,0,0,0,1,0,0,0,1,0,1,0,0,0,0,0,2,0,1,2,0,0,0,0,0,0,0,1,0,0,1,0,0,0,0,0,0,0,0,0
4,9,1,1,1,0,1,2,3,0,0,0,0,1,0,1,0,2,0,0,1,0,0,1,0,3,1,0,3,0,2,0,1,0,2,1,0,0,1,1,0,0,0,0,1,5,0,0,0,0,2,0,0,0,0,0,1,0,3,1,0,0,0,0,0,0,1,0,0,0,1,0,1,0,0,0,0,0,2,0,1,2,0,0,0,0,0,0,0,1,0,0,1,0,0,0,0,0,0,0,0,0
4,10,1,1,1,0,1,2,3,0,0,0,0,1,0,1,0,2,0,0,1,0,0,1,0,3,1,0,3,0,2,0,1,0,2,1,0,0,1,1,0,0,0,0,1,5,0,0,0,0,2,0,0,0,0,0,1,0,3,1,0,0,0,0,0,0,1,0,0,0,1,0,1,0,0,0,0,0,2,0,1,2,0,0,0,0,0,0,0,1,0,0,1,0,0,0,0,0,0,0,0,0
4,11,1,1,1,0,1,2,3,0,0,0,0,1,0,1,0,2,0,0,1,0,0,1,0,3,1,0,3,0,2,0,1,0,2,1,0,0,1,1,0,0,0,0,1,5,0,0,0,0,2,0,0,0,0,0,1,0,3,1,0,0,0,0,0,0,1,0,0,0,1,0,1,0,0,0,0,0,2,0,1,2,0,0,0,0,0,0,0,1,0,0,1,0,0,0,0,0,0,0,0,0
4,12,1,1,1,0,1,2,3,0,0,0,0,1,0,1,0,2,0,0,1,0,0,1,0,3,1,0,3,0,2,0,1,0,2,1,0,0,1,1,0,0,0,0,1,5,0,0,0,0,2,0,0,0,0,0,1,0,3,1,0,0,0,0,0,0,1,0,0,0,1,0,1,0,0,0,0,0,2,0,1,2,0,0,0,0,0,0,0,1,0,0,1,0,0,0,0,0,0,0,0,0
4,13,1,1,1,0,1,2,3,0,0,0,0,1,0,1,0,2,0,0,1,0,0,1,0,3,1,0,3,0,2,0,1,0,2,1,0,0,1,1,0,0,0,0,1,5,0,0,0,0,2,0,0,0,0,0,1,0,3,1,0,0,0,0,0,0,1,0,0,0,1,0,1,0,0,0,0,0,2,0,1,2,0,0,0,0,0,0,0,1,0,0,1,0,0,0,0,0,0,0,0,0
4,14,1,1,1,0,1,2,3,0,0,0,0,1,0,1,0,2,0,0,1,0,0,1,0,3,1,0,3,0,2,0,1,0,2,1,0,0,1,1,0,0,0,0,1,5,0,0,0,0,2,0,0,0,0,0,1,0,3,1,0,0,0,0,0,0,1,0,0,0,1,0,1,0,0,0,0,0,2,0,1,2,0,0,0,0,0,0,0,1,0,0,1,0,0,0,0,0,0,0,0,0
4,15,1,1,1,0,1,2,3,0,0,0,0,1,0,1,0,2,0,0,1,0,0,1,0,3,1,0,3,0,2,0,1,0,2,1,0,0,1,1,0,0,0,0,1,5,0,0,0,0,2,0,0,0,0,0,1,0,3,1,0,0,0,0,0,0,1,0,0,0,1,0,1,0,0,0,0,0,2,0,1,2,0,0,0,0,0,0,0,1,0,0,1,0,0,0,0,0,0,0,0,0
4,16,1,1,1,0,1,2,3,0,0,0,0,1,0,1,0,2,0,0,1,0,0,1,0,3,1,0,3,0,2,0,1,0,2,1,0,0,1,1,0,0,0,0,1,5,0,0,0,0,2,0,0,0,0,0,1,0,3,1,0,0,0,0,0,0,1,0,0,0,1,0,1,0,0,0,0,0,2,0,1,2,0,0,0,0,0,0,0,1,0,0,1,0,0,0,0,0,0,0,0,0
4,17,1,1,1,0,1,2,3,0,0,0,0,1,0,1,0,2,0,0,1,0,0,1,0,3,1,0,3,0,2,0,1,0,2,1,0,0,1,1,0,0,0,0,1,5,0,0,0,0,2,0,0,0,0,0,1,0,3,1,0,0,0,0,0,0,1,0,0,0,1,0,1,0,0,0,0,0,2,0,1,2,0,0,0,0,0,0,0,1,0,0,1,0,0,0,0,0,0,0,0,0
4,18,1,1,1,0,1,2,3,0,0,0,0,1,0,1,0,2,0,0,1,0,0,1,0,3,1,0,3,0,2,0,1,0,2,1,0,0,1,1,0,0,0,0,1,5,0,0,0,0,2,0,0,0,0,0,1,0,3,1,0,0,0,0,0,0,1,0,0,0,1,0,1,0,0,0,0,0,2,0,1,2,0,0,0,0,0,0,0,1,0,0,1,0,0,0,0,0,0,0,0,0
4,19,1,1,1,0,1,2,3,0,0,0,0,1,0,1,0,2,0,0,1,0,0,1,0,3,1,0,3,0,2,0,1,0,2,1,0,0,1,1,0,0,0,0,1,5,0,0,0,0,2,0,0,0,0,0,1,0,3,1,0,0,0,0,0,0,1,0,0,0,1,0,1,0,0,0,0,0,2,0,1,2,0,0,0,0,0,0,0,1,0,0,1,0,0,0,0,0,0,0,0,0
4,20,1,1,1,0,1,2,3,0,0,0,0,1,0,1,0,2,0,0,1,0,0,1,0,3,1,0,3,0,2,0,1,0,2,1,0,0,1,1,0,0,0,0,1,5,0,0,0,0,2,0,0,0,0,0,1,0,3,1,0,0,0,0,0,0,1,0,0,0,1,0,1,0,0,0,0,0,2,0,1,2,0,0,0,0,0,0,0,1,0,0,1,0,0,0,0,0,0,0,0,0
4,21,1,1,1,0,1,2,3,0,0,0,0,1,0,1,0,2,0,0,1,0,0,1,0,3,1,0,3,0,2,0,1,0,2,1,0,0,1,1,0,0,0,0,1,5,0,0,0,0,2,0,0,0,0,0,1,0,3,1,0,0,0,0,0,0,1,0,0,0,1,0,1,0,0,0,0,0,2,0,1,2,0,0,0,0,0,0,0,1,0,0,1,0,0,0,0,0,0,0,0,0
4,22,1,1,1,0,1,2,3,0,0,0,0,1,0,1,0,2,0,0,1,0,0,1,0,3,1,0,3,0,2,0,1,0,2,1,0,0,1,1,0,0,0,0,1,5,0,0,0,0,2,0,0,0,0,0,1,0,3,1,0,0,0,0,0,0,1,0,0,0,1,0,1,0,0,0,0,0,2,0,1,2,0,0,0,0,0,0,0,1,0,0,1,0,0,0,0,0,0,0,0,0
4,23,1,1,1,0,1,2,3,0,0,0,0,1,0,1,0,2,0,0,1,0,0,1,0,3,1,0,3,0,2,0,1,0,2,1,0,0,1,1,0,0,0,0,1,5,0,0,0,0,2,0,0,0,0,0,1,0,3,1,0,0,0,0,0,0,1,0,0,0,1,0,1,0,0,0,0,0,2,0,1,2,0,0,0,0,0,0,0,1,0,0,1,0,0,0,0,0,0,0,0,0
4,24,1,1,1,0,1,2,3,0,0,0,0,1,0,1,0,2,0,0,1,0,0,1,0,3,1,0,3,0,2,0,1,0,2,1,0,0,1,1,0,0,0,0,1,5,0,0,0,0,2,0,0,0,0,0,1,0,3,1,0,0,0,0,0,0,1,0,0,0,1,0,1,0,0,0,0,0,2,0,1,2,0,0,0,0,0,0,0,1,0,0,1,0,0,0,0,0,0,0,0,0
4,25,1,1,1,0,1,2,3,0,0,0,0,1,0,1,0,2,0,0,1,0,0,1,0,3,1,0,3,0,2,0,1,0,2,1,0,0,1,1,0,0,0,0,1,5,0,0,0,0,2,0,0,0,0,0,1,0,3,1,0,0,0,0,0,0,1,0,0,0,1,0,1,0,0,0,0,0,2,0,1,2,0,0,0,0,0,0,0,1,0,0,1,0,0,0,0,0,0,0,0,0
4,26,1,1,1,0,1,2,3,0,0,0,0,1,0,1,0,2,0,0,1,0,0,1,0,3,1,0,3,0,2,0,1,0,2,1,0,0,1,1,0,0,0,0,1,5,0,0,0,0,2,0,0,0,0,0,1,0,3,1,0,0,0,0,0,0,1,0,0,0,1,0,1,0,0,0,0,0,2,0,1,2,0,0,0,0,0,0,0,1,0,0,1,0,0,0,0,0,0,0,0,0
4,27,1,1,1,0,1,2,3,0,0,0,0,1,0,1,0,2,0,0,1,0,0,1,0,3,1,0,3,0,2,0,1,0,2,1,0,0,1,1,0,0,0,0,1,5,0,0,0,0,2,0,0,0,0,0,1,0,3,1,0,0,0,0,0,0,1,0,0,0,1,0,1,0,0,0,0,0,2,0,1,2,0,0,0,0,0,0,0,1,0,0,1,0,0,0,0,0,0,0,0,0
4,28,1,1,1,0,1,2,3,0,0,0,0,1,0,1,0,2,0,0,1,0,0,1,0,3,1,0,3,0,2,0,1,0,2,1,0,0,1,1,0,0,0,0,1,5,0,0,0,0,2,0,0,0,0,0,1,0,3,1,0,0,0,0,0,0,1,0,0,0,1,0,1,0,0,0,0,0,2,0,1,2,0,0,0,0,0,0,0,1,0,0,1,0,0,0,0,0,0,0,0,0
4,29,1,1,1,0,1,2,3,0,0,0,0,1,0,1,0,2,0,0,1,0,0,1,0,3,1,0,3,0,2,0,1,0,2,1,0,0,1,1,0,0,0,0,1,5,0,0,0,0,2,0,0,0,0,0,1,0,3,1,0,0,0,0,0,0,1,0,0,0,1,0,1,0,0,0,0,0,2,0,1,2,0,0,0,0,0,0,0,1,0,0,1,0,0,0,0,0,0,0,0,0
4,30,1,1,1,0,1,2,3,0,0,0,0,1,0,1,0,2,0,0,1,0,0,1,0,3,1,0,3,0,2,0,1,0,2,1,0,0,1,1,0,0,0,0,1,5,0,0,0,0,2,0,0,0,0,0,1,0,3,1,0,0,0,0,0,0,1,0,0,0,1,0,1,0,0,0,0,0,2,0,1,2,0,0,0,0,0,0,0,1,0,0,1,0,0,0,0,0,0,0,0,0
4,31,1,1,1,0,1,2,3,0,0,0,0,1,0,1,0,2,0,0,1,0,0,1,0,3,1,0,3,0,2,0,1,0,2,1,0,0,1,1,0,0,0,0,1,5,0,0,0,0,2,0,0,0,0,0,1,0,3,1,0,0,0,0,0,0,1,0,0,0,1,0,1,0,0,0,0,0,2,0,1,2,0,0,0,0,0,0,0,1,0,0,1,0,0,0,0,0,0,0,0,0
4,32,1,1,1,0,1,2,3,0,0,0,0,1,0,1,0,2,0,0,1,0,0,1,0,3,1,0,3,0,2,0,1,0,2,1,0,0,1,1,0,0,0,0,1,5,0,0,0,0,2,0,0,0,0,0,1,0,3,1,0,0,0,0,0,0,1,0,0,0,1,0,1,0,0,0,0,0,2,0,1,2,0,0,0,0,0,0,0,1,0,0,1,0,0,0,0,0,0,0,0,0
4,33,1,1,1,0,1,2,3,0,0,0,0,1,0,1,0,2,0,0,1,0,0,1,0,3,1,0,3,0,2,0,1,0,2,1,0,0,1,1,0,0,0,0,1,5,0,0,0,0,2,0,0,0,0,0,1,0,3,1,0,0,0,0,0,0,1,0,0,0,1,0,1,0,0,0,0,0,2,0,1,2,0,0,0,0,0,0,0,1,0,0,1,0,0,0,0,0,0,0,0,0
4,34,1,1,1,0,1,2,3,0,0,0,0,1,0,1,0,2,0,0,1,0,0,1,0,3,1,0,3,0,2,0,1,0,2,1,0,0,1,1,0,0,0,0,1,5,0,0,0,0,2,0,0,0,0,0,1,0,3,1,0,0,0,0,0,0,1,0,0,0,1,0,1,0,0,0,0,0,2,0,1,2,0,0,0,0,0,0,0,1,0,0,1,0,0,0,0,0,0,0,0,0
4,35,1,1,1,0,1,2,3,0,0,0,0,1,0,1,0,2,0,0,1,0,0,1,0,3,1,0,3,0,2,0,1,0,2,1,0,0,1,1,0,0,0,0,1,5,0,0,0,0,2,0,0,0,0,0,1,0,3,1,0,0,0,0,0,0,1,0,0,0,1,0,1,0,0,0,0,0,2,0,1,2,0,0,0,0,0,0,0,1,0,0,1,0,0,0,0,0,0,0,0,0
4,36,1,1,1,0,1,2,3,0,0,0,0,1,0,1,0,2,0,0,1,0,0,1,0,3,1,0,3,0,2,0,1,0,2,1,0,0,1,1,0,0,0,0,1,5,0,0,0,0,2,0,0,0,0,0,1,0,3,1,0,0,0,0,0,0,1,0,0,0,1,0,1,0,0,0,0,0,2,0,1,2,0,0,0,0,0,0,0,1,0,0,1,0,0,0,0,0,0,0,0,0
4,37,1,1,1,0,1,2,3,0,0,0,0,1,0,1,0,2,0,0,1,0,0,1,0,3,1,0,3,0,2,0,1,0,2,1,0,0,1,1,0,0,0,0,1,5,0,0,0,0,2,0,0,0,0,0,1,0,3,1,0,0,0,0,0,0,1,0,0,0,1,0,1,0,0,0,0,0,2,0,1,2,0,0,0,0,0,0,0,1,0,0,1,0,0,0,0,0,0,0,0,0
4,38,1,1,1,0,1,2,3,0,0,0,0,1,0,1,0,2,0,0,1,0,0,1,0,3,1,0,3,0,2,0,1,0,2,1,0,0,1,1,0,0,0,0,1,5,0,0,0,0,2,0,0,0,0,0,1,0,3,1,0,0,0,0,0,0,1,0,0,0,1,0,1,0,0,0,0,0,2,0,1,2,0,0,0,0,0,0,0,1,0,0,1,0,0,0,0,0,0,0,0,0
4,39,1,1,1,0,1,2,3,0,0,0,0,1,0,1,0,2,0,0,1,0,0,1,0,3,1,0,3,0,2,0,1,0,2,1,0,0,1,1,0,0,0,0,1,5,0,0,0,0,2,0,0,0,0,0,1,0,3,1,0,0,0,0,0,0,1,0,0,0,1,0,1,0,0,0,0,0,2,0,1,2,0,0,0,0,0,0,0,1,0,0,1,0,0,0,0,0,0,0,0,0
5,0,0,5,1,0,0,0,0,0,0,0,0,0,1,0,0,4,2,2,2,0,0,2,1,0,2,0,3,2,1,0,0,0,0,1,0,0,4,1,0,5,1,1,1,0,0,1,2,1,0,0,0,1,0,0,1,1,0,0,0,2,0,0,0,4,0,0,0,1,0,0,0,1,0,0,0,0,0,0,1,0,1,3,0,0,0,0,1,0,3,0,0,0,0,1,0,1,0,0,0,0
5,1,0,5,1,0,0,0,0,0,0,0,0,0,1,0,0,4,2,2,2,0,0,2,0,0,0,0,0,0,0,0,1,0,0,0,0,0,4,1,0,5,1,1,1,0,0,1,2,1,0,0,0,1,0,0,1,1,0,0,0,2,0,2,0,0,0,0,3,0,0,0,0,1,0,0,0,0,0,0,1,0,1,2,0,1,0,0,1,0,3,0,0,0,0,1,0,1,1,0,0,1
5,2,0,1,1,1,0,0,0,0,0,0,0,0,1,0,1,1,3,2,2,0,0,2,0,0,0,0,0,0,0,0,1,0,0,0,0,0,4,1,0,5,1,1,1,0,0,1,2,1,0,1,0,0,0,0,0,1,0,0,1,2,0,2,0,0,0,0,3,0,0,0,0,1,0,0,0,0,0,0,1,0,1,2,0,1,0,0,1,0,0,0,0,0,0,1,1,2,1,0,0,0
5,3,0,1,0,1,0,0,0,0,0,0,0,0,1,0,1,1,3,2,2,0,0,2,0,0,0,0,0,0,0,0,1,0,0,0,0,0,4,1,0,5,1,1,1,0,0,0,2,1,0,1,0,0,0,0,0,1,0,0,1,2,0,2,0,0,0,0,3,0,0,0,0,1,0,0,0,0,0,0,1,0,1,2,0,0,0,0,1,0,0,0,0,1,0,1,1,2,0,0,0,0
5,4,0,1,0,1,0,0,0,0,0,0,0,0,1,0,1,1,3,2,2,0,0,2,0,0,0,0,0,0,0,0,1,0,0,0,0,0,4,1,0,5,1,1,1,0,0,0,2,1,0,1,0,0,0,0,0,1,0,0,1,2,0,2,0,0,0,0,3,0,0,0,0,1,1,0,0,0,0,0,1,0,1,2,0,0,0,0,1,1,0,0,0,1,0,1,1,2,0,0,0,0
5,5,0,1,0,1,0,0,0,0,0,0,0,0,1,0,1,1,3,2,2,0,0,2,0,0,0,0,0,0,0,0,1,0,0,0,0,0,2,0,0,5,1,1,1,0,0,0,2,1,0,1,0,0,0,0,0,1,0,0,1,2,0,2,0,0,0,0,3,0,0,0,0,1,1,0,0,0,0,0,1,0,1,2,0,0,0,0,1,1,0,0,0,1,0,1,1,2,0,0,0,0
5,6,0,1,0,1,0,0,0,0,0,0,0,0,1,0,1,1,3,2,2,0,0,2,0,0,0,0,0,0,0,0,1,0,0,0,0,0,2,0,0,1,1,1,1,0,0,0,2,1,0,1,0,0,0,0,0,1,0,0,1,2,0,2,0,0,0,0,3,0,0,0,0,1,1,0,0,0,0,0,1,0,1,2,0,0,0,0,1,1,0,0,0,1,0,1,1,2,0,0,0,0
5,7,0,1,0,1,0,0,0,0,0,0,0,0,1,0,1,1,3,2,2,0,0,2,0,0,0,0,0,0,0,0,1,0,0,0,0,0,2,0,0,1,1,1,1,0,0,0,2,1,0,1,0,0,0,0,0,1,0,0,1,2,0,2,0,0,0,0,3,0,0,0,0,1,1,0,0,0,0,0,1,0,1,2,0,0,0,0,1,1,0,0,0,1,0,1,1,2,0,0,1,0
5,8,0,1,0,1,0,0,0,0,0,0,0,0,1,0,1,1,3,2,2,0,0,2,0,0,0,0,0,0,0,0,1,0,0,0,0,0,2,0,0,1,1,1,1,0,0,0,2,1,0,1,0,0,0,0,0,1,0,0,1,2,0,2,0,0,0,0,3,0,0,0,0,1,1,0,0,0,0,0,1,0,1,2,0,0,0,0,1,1,0,0,0,1,0,1,1,2,0,0,1,0
5,9,0,1,0,1,0,0,0,0,0,0,0,0,1,0,1,1,3,2,2,0,0,2,0,0,0,0,0,0,0,0,1,0,0,0,0,0,2,0,0,1,1,1,1,0,0,0,2,1,0,1,0,0,0,0,0,1,0,0,1,2,0,2,0,0,0,0,3,0,0,0,0,1,1,0,0,0,0,0,1,0,1,2,0,0,0,0,1,1,0,0,0,1,0,1,1,2,0,0,1,0
5,10,0,1,0,1,0,0,0,0,0,0,0,0,1,0,1,1,3,2,2,0,0,2,0,0,0,0,0,0,0,0,1,0,0,0,0,0,2,0,0,1,1,1,1,0,0,0,2,1,0,1,0,0,0,0,0,1,0,0,1,2,0,2,0,0,0,0,3,0,0,0,0,1,1,0,0,0,0,0,1,0,1,2,0,0,0,0,1,1,0,0,0,1,0,1,1,2,0,0,1,0
5,11,0,1,0,1,0,0,0,0,0,0,0,0,1,0,1,1,3,2,2,0,0,2,0,0,0,0,0,0,0,0,1,0,0,0,0,0,2,0,0,1,1,1,1,0,0,0,2,1,0,1,0,0,0,0,0,1,0,0,1,2,0,2,0,0,0,0,3,0,0,0,0,1,1,0,0,0,0,0,1,0,1,2,0,0,0,0,1,1,0,0,0,1,0,1,1,2,0,0,1,0
5,12,0,1,0,1,0,0,0,0,0,0,0,0,1,0,1,1,3,2,2,0,0,2,0,0,0,0,0,0,0,0,1,0,0,0,0,0,2,0,0,1,1,1,1,0,0,0,2,1,0,1,0,0,0,0,0,1,0,0,1,2,0,2,0,0,0,0,3,0,0,0,0,1,1,0,0,0,0,0,1,0,1,2,0,0,0,0,1,1,0,0,0,1,0,1,1,2,0,0,1,0
5,13,0,1,0,1,0,0,0,0,0,0,0,0,1,0,1,1,3,2,2,0,0,2,0,0,0,0,0,0,0,0,1,0,0,0,0,0,2,0,0,1,1,1,1,0,0,0,2,1,0,1,0,0,0,0,0,1,0,0,1,2,0,2,0,0,0,0,3,0,0,0,0,1,1,0,0,0,0,0,1,0,1,2,0,0,0,0,1,1,0,0,0,1,0,1,1,2,0,0,1,0
5,14,0,1,0,1,0,0,0,0,0,0,0,0,1,0,1,1,3,2,2,0,0,2,0,0,0,0,0,0,0,0,1,0,0,0,0,0,2,0,0,1,1,1,1,0,0,0,2,1,0,1,0,0,0,0,0,1,0,0,1,2,0,2,0,0,0,0,3,0,0,0,0,1,1,0,0,0,0,0,1,0,1,2,0,0,0,0,1,1,0,0,0,1,0,1,1,2,0,0,1,0
5,15,0,1,0,1,0,0,0,0,0,0,0,0,1,0,1,1,3,2,2,0,0,2,0,0,0,0,0,0,0,0,1,0,0,0,0,0,2,0,0,1,1,1,1,0,0,0,2,1,0,1,0,0,0,0,0,1,0,0,1,2,0,2,0,0,0,0,3,0,0,0,0,1,1,0,0,0,0,0,1,0,1,2,0,0,0,0,1,1,0,0,0,1,0,1,1,2,0,0,1,0
5,16,0,1,0,1,0,0,0,0,0,0,0,0,1,0,1,1,3,2,2,0,0,2,0,0,0,0,0,0,0,0,1,0,0,0,0,0,2,0,0,1,1,1,1,0,0,0,2,1,0,1,0,0,0,0,0,1,0,0,1,2,0,2,0,0,0,0,3,0,0,0,0,1,1,0,0,0,0,0,1,0,1,2,0,0,0,0,1,1,0,0,0,1,0,1,1,2,0,0,1,0
5,17,0,1,0,1,0,0,0,0,0,0,0,0,1,0,1,1,3,2,2,0,0,2,0,0,0,0,0,0,0,0,1,0,0,0,0,0,2,0,0,1,1,1,1,0,0,0,2,1,0,1,0,0,0,0,0,1,0,0,1,2,0,2,0,0,0,0,3,0,0,0,0,1,1,0,0,0,0,0,1,0,1,2,0,0,0,0,1,1,0,0,0,1,0,1,1,2,0,0,1,0
5,18,0,1,0,1,0,0,0,0,0,0,0,0,1,0,1,1,3,2,2,0,0,2,0,0,0,0,0,0,0,0,1,0,0,0,0,0,2,0,0,1,1,1,1,0,0,0,2,1,0,1,0,0,0,0,0,1,0,0,1,2,0,2,0,0,0,0,3,0,0,0,0,1,1,0,0,0,0,0,1,0,1,2,0,0,0,0,1,1,0,0,0,1,0,1,1,2,0,0,1,0
5,19,0,1,0,1,0,0,0,0,0,0,0,0,1,0,1,1,3,2,2,0,0,2,0,0,0,0,0,0,0,0,1,0,0,0,0,0,2,0,0,1,1,1,1,0,0,0,2,1,0,1,0,0,0,0,0,1,0,0,1,2,0,2,0,0,0,0,3,0,0,0,0,1,1,0,0,0,0,0,1,0,1,2,0,0,0,0,1,1,0,0,0,1,0,1,1,2,0,0,1,0
5,20,0,1,0,1,0,0,0,0,0,0,0,0,1,0,1,1,3,2,2,0,0,2,0,0,0,0,0,0,0,0,1,0,0,0,0,0,2,0,0,1,1,1,1,0,0,0,2,1,0,1,0,0,0,0,0,1,0,0,1,2,0,2,0,0,0,0,3,0,0,0,0,1,1,0,0,0,0,0,1,0,1,2,0,0,0,0,1,1,0,0,0,1,0,1,1,2,0,0,1,0
5,21,0,1,0,1,0,0,0,0,0,0,0,0,1,0,1,1,3,2,2,0,0,2,0,0,0,0,0,0,0,0,1,0,0,0,0,0,2,0,0,1,1,1,1,0,0,0,2,1,0,1,0,0,0,0,0,1,0,0,1,2,0,2,0,0,0,0,3,0,0,0,0,1,1,0,0,0,0,0,1,0,1,2,0,0,0,0,1,1,0,0,0,1,0,1,1,2,0,0,1,0
5,22,0,1,0,1,0,0,0,0,0,0,0,0,1,0,1,1,3,2,2,0,0,2,0,0,0,0,0,0,0,0,1,0,0,0,0,0,2,0,0,1,1,1,1,0,0,0,2,1,0,1,0,0,0,0,0,1,0,0,1,2,0,2,0,0,0,0,3,0,0,0,0,1,1,0,0,0,0,0,1,0,1,2,0,0,0,0,1,1,0,0,0,1,0,1,1,2,0,0,1,0
5,23,0,1,0,1,0,0,0,0,0,0,0,0,1,0,1,1,3,2,2,0,0,2,0,0,0,0,0,0,0,0,1,0,0,0,0,0,2,0,0,1,1,1,1,0,0,0,2,1,0,1,0,0,0,0,0,1,0,0,1,2,0,2,0,0,0,0,3,0,0,0,0,1,1,0,0,0,0,0,1,0,1,2,0,0,0,0,1,1,0,0,0,1,0,1,1,2,0,0,1,0
5,24,0,1,0,1,0,0,0,0,0,0,0,0,1,0,1,1,3,2,2,0,0,2,0,0,0,0,0,0,0,0,1,0,0,0,0,0,2,0,0,1,1,1,1,0,0,0,2,1,0,1,0,0,0,0,0,1,0,0,1,2,0,2,0,0,0,0,3,0,0,0,0,1,1,0,0,0,0,0,1,0,1,2,0,0,0,0,1,1,0,0,0,1,0,1,1,2,0,0,1,0
5,25,0,1,0,1,0,0,0,0,0,0,0,0,1,0,1,1,3,2,2,0,0,2,0,0,0,0,0,0,0,0,1,0,0,0,0,0,2,0,0,1,1,1,1,0,0,0,2,1,0,1,0,0,0,0,0,1,0,0,1,2,0,2,0,0,0,0,3,0,0,0,0,1,1,0,0,0,0,0,1,0,1,2,0,0,0,0,1,1,0,0,0,1,0,1,1,2,0,0,1,0
5,26,0,1,0,1,0,0,0,0,0,0,0,0,1,0,1,1,3,2,2,0,0,2,0,0,0,0,0,0,0,0,1,0,0,0,0,0,2,0,0,1,1,1,1,0,0,0,2,1,0,1,0,0,0,0,0,1,0,0,1,2,0,2,0,0,0,0,3,0,0,0,0,1,1,0,0,0,0,0,1,0,1,2,0,0,0,0,1,1,0,0,0,1,0,1,1,2,0,0,1,0
5,27,0,1,0,1,0,0,0,0,0,0,0,0,1,0,1,1,3,2,2,0,0,2,0,0,0,0,0,0,0,0,1,0,0,0,0,0,2,0,0,1,1,1,1,0,0,0,2,1,0,1,0,0,0,0,0,1,0,0,1,2,0,2,0,0,0,0,3,0,0,0,0,1,1,0,0,0,0,0,1,0,1,2,0,0,0,0,1,1,0,0,0,1,0,1,1,2,0,0,1,0
5,28,0,1,0,1,0,0,0,0,0,0,0,0,1,0,1,1,3,2,2,0,0,2,0,0,0,0,0,0,0,0,1,0,0,0,0,0,2,0,0,1,1,1,1,0,0,0,2,1,0,1,0,0,0,0,0,1,0,0,1,2,0,2,0,0,0,0,3,0,0,0,0,1,1,0,0,0,0,0,1,0,1,2,0,0,0,0,1,1,0,0,0,1,0,1,1,2,0,0,1,0
5,29,0,1,0,1,0,0,0,0,0,0,0,0,1,0,1,1,3,2,2,0,0,2,0,0,0,0,0,0,0,0,1,0,0,0,0,0,2,0,0,1,1,1,1,0,0,0,2,1,0,1,0,0,0,0,0,1,0,0,1,2,0,2,0,0,0,0,3,0,0,0,0,1,1,0,0,0,0,0,1,0,1,2,0,0,0,0,1,1,0,0,0,1,0,1,1,2,0,0,1,0
5,30,0,1,0,1,0,0,0,0,0,0,0,0,1,0,1,1,3,2,2,0,0,2,0,0,0,0,0,0,0,0,1,0,0,0,0,0,2,0,0,1,1,1,1,0,0,0,2,1,0,1,0,0,0,0,0,1,0,0,1,2,0,2,0,0,0,0,3,0,0,0,0,1,1,0,0,0,0,0,1,0,1,2,0,0,0,0,1,1,0,0,0,1,0,1,1,2,0,0,1,0
5,31,0,1,0,1,0,0,0,0,0,0,0,0,1,0,1,1,3,2,2,0,0,2,0,0,0,0,0,0,0,0,1,0,0,0,0,0,2,0,0,1,1,1,1,0,0,0,2,1,0,1,0,0,0,0,0,1,0,0,1,2,0,2,0,0,0,0,3,0,0,0,0,1,1,0,0,0,0,0,1,0,1,2,0,0,0,0,1,1,0,0,0,1,0,1,1,2,0,0,1,0
5,32,0,1,0,1,0,0,0,0,0,0,0,0,1,0,1,1,3,2,2,0,0,2,0,0,0,0,0,0,0,0,1,0,0,0,0,0,2,0,0,1,1,1,1,0,0,0,2,1,0,1,0,0,0,0,0,1,0,0,1,2,0,2,0,0,0,0,3,0,0,0,0,1,1,0,0,0,0,0,1,0,1,2,0,0,0,0,1,1,0,0,0,1,0,1,1,2,0,0,1,0
5,33,0,1,0,1,0,0,0,0,0,0,0,0,1,0,1,1,3,2,2,0,0,2,0,0,0,0,0,0,0,0,1,0,0,0,0,0,2,0,0,1,1,1,1,0,0,0,2,1,0,1,0,0,0,0,0,1,0,0,1,2,0,2,0,0,0,0,3,0,0,0,0,1,1,0,0,0,0,0,1,0,1,2,0,0,0,0,1,1,0,0,0,1,0,1,1,2,0,0,1,0
5,34,0,1,0,1,0,0,0,0,0,0,0,0,1,0,1,1,3,2,2,0,0,2,0,0,0,0,0,0,0,0,1,0,0,0,0,0,2,0,0,1,1,1,1,0,0,0,2,1,0,1,0,0,0,0,0,1,0,0,1,2,0,2,0,0,0,0,3,0,0,0,0,1,1,0,0,0,0,0,1,0,1,2,0,0,0,0,1,1,0,0,0,1,0,1,1,2,0,0,1,0
5,35,0,1,0,1,0,0,0,0,0,0,0,0,1,0,1,1,3,2,2,0,0,2,0,0,0,0,0,0,0,0,1,0,0,0,0,0,2,0,0,1,1,1,1,0,0,0,2,1,0,1,0,0,0,0,0,1,0,0,1,2,0,2,0,0,0,0,3,0,0,0,0,1,1,0,0,0,0,0,1,0,1,2,0,0,0,0,1,1,0,0,0,1,0,1,1,2,0,0,1,0
5,36,0,1,0,1,0,0,0,0,0,0,0,0,1,0,1,1,3,2,2,0,0,2,0,0,0,0,0,0,0,0,1,0,0,0,0,0,2,0,0,1,1,1,1,0,0,0,2,1,0,1,0,0,0,0,0,1,0,0,1,2,0,2,0,0,0,0,3,0,0,0,0,1,1,0,0,0,0,0,1,0,1,2,0,0,0,0,1,1,0,0,0,1,0,1,1,2,0,0,1,0
5,37,0,1,0,1,0,0,0,0,0,0,0,0,1,0,1,1,3,2,2,0,0,2,0,0,0,0,0,0,0,0,1,0,0,0,0,0,2,0,0,1,1,1,1,0,0,0,2,1,0,1,0,0,0,0,0,1,0,0,1,2,0,2,0,0,0,0,3,0,0,0,0,1,1,0,0,0,0,0,1,0,1,2,0,0,0,0,1,1,0,0,0,1,0,1,1,2,0,0,1,0
5,38,0,1,0,1,0,0,0,0,0,0,0,0,1,0,1,1,3,2,2,0,0,2,0,0,0,0,0,0,0,0,1,0,0,0,0,0,2,0,0,1,1,1,1,0,0,0,2,1,0,1,0,0,0,0,0,1,0,0,1,2,0,2,0,0,0,0,3,0,0,0,0,1,1,0,0,0,0,0,1,0,1,2,0,0,0,0,1,1,0,0,0,1,0,1,1,2,0,0,1,0
5,39,0,1,0,1,0,0,0,0,0,0,0,0,1,0,1,1,3,2,2,0,0,2,0,0,0,0,0,0,0,0,1,0,0,0,0,0,2,0,0,1,1,1,1,0,0,0,2,1,0,1,0,0,0,0,0,1,0,0,1,2,0,2,0,0,0,0,3,0,0,0,0,1,1,0,0,0,0,0,1,0,1,2,0,0,0,0,1,1,0,0,0,1,0,1,1,2,0,0,1,0
6,0,4,2,3,2,3,0,0,1,2,1,0,0,2,1,0,1,0,1,1,2,0,0,1,0,0,0,0,3,1,0,0,0,0,0,0,0,1,1,0,1,0,0,0,0,0,0,1,0,0,0,0,1,0,5,0,0,0,4,0,0,0,0,0,0,0,0,2,4,0,0,5,1,0,1,1,0,0,1,0,0,0,1,0,0,1,0,1,0,0,2,0,0,0,0,0,1,0,0,1,0
6,1,4,2,1,0,0,0,0,1,2,1,0,0,2,1,0,1,0,1,1,2,0,0,1,0,0,0,0,3,1,0,0,0,0,0,0,0,1,1,2,1,1,0,0,0,0,0,1,0,2,0,2,0,0,5,0,0,0,4,0,0,0,0,0,0,0,0,2,4,0,0,0,0,0,0,0,0,0,1,0,0,0,1,0,0,1,3,1,0,0,2,0,0,0,1,0,1,0,0,1,1
6,2,4,2,1,0,0,0,0,3,1,1,0,0,2,1,0,0,0,1,1,2,0,0,1,0,0,0,0,3,1,0,0,0,0,0,0,0,1,1,2,1,1,0,0,0,0,0,1,0,2,0,2,0,0,2,1,0,0,4,0,0,0,0,0,0,0,0,2,4,0,0,0,0,0,0,0,0,0,0,0,0,1,1,0,0,1,3,1,0,0,0,0,0,0,1,0,0,0,0,1,1
6,3,4,2,1,0,0,0,0,3,1,1,0,0,2,1,0,1,0,1,0,2,0,0,1,0,0,0,0,3,1,1,0,0,0,0,0,0,1,1,2,1,1,0,0,0,0,0,1,0,2,0,2,0,0,2,1,0,0,4,0,0,0,0,0,0,0,0,2,4,0,0,0,0,0,0,0,0,0,0,0,0,1,1,0,0,0,3,1,0,0,0,1,0,0,1,0,0,0,0,1,1
6,4,4,2,1,0,0,0,0,3,1,1,0,0,2,1,0,1,0,1,0,2,0,0,1,0,1,0,0,3,1,1,0,0,0,0,0,0,1,1,2,1,1,0,0,0,0,0,1,0,2,0,0,0,0,2,1,0,0,4,0,0,0,0,0,0,0,0,2,4,0,0,0,0,0,0,0,0,0,0,0,0,1,1,0,0,0,3,1,1,0,0,0,0,0,1,0,0,0,0,1,1
6,5,4,2,1,0,0,0,0,3,1,1,0,0,2,1,0,1,0,1,0,2,0,0,1,0,1,0,0,3,1,1,0,0,0,0,0,0,1,1,2,1,1,0,0,0,0,0,1,0,2,0,0,0,0,2,1,0,0,4,0,1,0,0,0,0,0,0,2,4,0,0,0,0,0,0,0,0,0,0,0,0,1,1,0,0,0,3,1,1,0,0,1,0,0,1,0,0,0,0,0,0
6,6,4,2,1,0,0,0,0,3,1,0,0,0,2,1,0,0,0,0,0,2,0,0,1,0,1,0,0,3,1,1,0,0,0,0,0,0,1,1,2,1,1,0,0,0,0,0,1,0,2,0,0,0,0,2,1,0,0,4,0,1,0,0,0,0,0,0,2,4,0,0,0,0,0,0,0,0,0,0,0,0,1,1,0,0,0,0,1,1,0,0,1,0,0,1,0,0,0,0,0,0
6,7,4,2,1,0,0,0,0,3,1,0,0,0,2,1,0,0,0,0,0,2,0,0,1,0,1,0,0,3,1,1,0,0,0,0,0,0,1,1,2,1,1,0,0,0,0,0,1,0,2,0,0,0,0,2,1,0,0,4,0,1,0,0,0,0,0,0,2,4,0,0,0,0,0,0,0,0,0,0,0,0,1,1,0,0,0,0,1,1,0,0,0,0,0,1,0,0,0,0,0,0
6,8,4,2,1,0,0,0,0,3,1,0,0,0,2,1,0,0,0,0,0,2,0,0,1,0,1,0,0,3,1,1,0,0,0,0,0,0,1,1,2,1,1,0,0,0,0,0,1,0,2,0,0,0,0,2,1,0,0,0,0,1,0,0,0,0,0,0,2,4,0,0,0,0,0,0,0,0,0,0,0,0,1,1,0,0,0,0,1,1,0,0,0,0,0,1,0,0,0,0,0,0
6,9,4,2,1,0,0,0,0,3,1,0,0,0,2,1,0,0,0,0,0,2,0,0,1,0,1,0,0,3,1,1,0,0,0,0,0,0,1,1,2,1,1,0,0,0,0,0,1,0,2,0,0,0,0,2,1,0,0,0,0,1,0,0,0,0,0,0,2,4,0,0,0,0,0,0,0,0,0,0,0,0,1,1,0,0,0,0,1,1,0,0,0,0,0,1,0,0,5,0,0,0
6,10,4,2,1,0,0,0,0,3,1,0,0,0,2,1,0,0,0,0,0,2,0,0,1,0,1,0,0,3,1,1,0,0,0,0,0,0,1,1,2,1,1,0,0,0,0,0,1,0,2,0,0,0,0,2,1,0,0,0,0,1,0,0,0,0,0,0,2,4,0,0,0,0,0,0,0,0,0,0,0,0,1,1,0,0,0,0,1,1,0,0,0,0,0,1,0,0,5,0,0,0
6,11,4,2,1,0,0,0,0,3,1,0,0,0,2,1,0,0,0,0,0,2,0,0,1,0,1,0,0,3,1,1,0,0,0,0,0,0,1,1,2,1,1,0,0,0,0,0,1,0,2,0,0,0,0,2,1,0,0,0,0,1,0,0,0,0,0,0,2,4,0,0,0,0,0,0,0,0,0,0,0,0,1,1,0,0,0,0,1,1,0,0,0,0,0,1,0,0,5,0,0,0
6,12,4,2,1,0,0,0,0,3,1,0,0,0,2,1,0,0,0,0,0,2,0,0,1,0,1,0,0,3,1,1,0,0,0,0,0,0,1,1,2,1,1,0,0,0,0,0,1,0,2,0,0,0,0,2,1,0,0,0,0,1,0,0,0,0,0,0,2,4,0,0,0,0,0,0,0,0,0,0,0,0,1,1,0,0,0,0,1,1,0,0,0,0,0,1,0,0,5,0,0,0
6,13,4,2,1,0,0,0,0,3,1,0,0,0,2,1,0,0,0,0,0,2,0,0,1,0,1,0,0,3,1,1,0,0,0,0,0,0,1,1,2,1,1,0,0,0,0,0,1,0,2,0,0,0,0,2,1,0,0,0,0,1,0,0,0,0,0,0,2,4,0,0,0,0,0,0,0,0,0,0,0,0,1,1,0,0,0,0,1,1,0,0,0,0,0,1,0,0,5,0,0,0
6,14,4,2,1,0,0,0,0,3,1,0,0,0,2,1,0,0,0,0,0,2,0,0,1,0,1,0,0,3,1,1,0,0,0,0,0,0,1,1,2,1,1,0,0,0,0,0,1,0,2,0,0,0,0,2,1,0,0,0,0,1,0,0,0,0,0,0,2,4,0,0,0,0,0,0,0,0,0,0,0,0,1,1,0,0,0,0,1,1,0,0,0,0,0,1,0,0,5,0,0,0
6,15,4,2,1,0,0,0,0,3,1,0,0,0,2,1,0,0,0,0,0,2,0,0,1,0,1,0,0,3,1,1,0,0,0,0,0,0,1,1,2,1,1,0,0,0,0,0,1,0,2,0,0,0,0,2,1,0,0,0,0,1,0,0,0,0,0,0,2,4,0,0,0,0,0,0,0,0,0,0,0,0,1,1,0,0,0,0,1,1,0,0,0,0,0,1,0,0,5,0,0,0
6,16,4,2,1,0,0,0,0,3,1,0,0,0,2,1,0,0,0,0,0,2,0,0,1,0,1,0,0,3,1,1,0,0,0,0,0,0,1,1,2,1,1,0,0,0,0,0,1,0,2,0,0,0,0,2,1,0,0,0,0,1,0,0,0,0,0,0,2,4,0,0,0,0,0,0,0,0,0,0,0,0,1,1,0,0,0,0,1,1,0,0,0,0,0,1,0,0,5,0,0,0
6,17,4,2,1,0,0,0,0,3,1,0,0,0,2,1,0,0,0,0,0,2,0,0,1,0,1,0,0,3,1,1,0,0,0,0,0,0,1,1,2,1,1,0,0,0,0,0,1,0,2,0,0,0,0,2,1,0,0,0,0,1,0,0,0,0,0,0,2,4,0,0,0,0,0,0,0,0,0,0,0,0,1,1,0,0,0,0,1,1,0,0,0,0,0,1,0,0,5,0,0,0
6,18,4,2,1,0,0,0,0,3,1,0,0,0,2,1,0,0,0,0,0,2,0,0,1,0,1,0,0,3,1,1,0,0,0,0,0,0,1,1,2,1,1,0,0,0,0,0,1,0,2,0,0,0,0,2,1,0,0,0,0,1,0,0,0,0,0,0,2,4,0,0,0,0,0,0,0,0,0,0,0,0,1,1,0,0,0,0,1,1,0,0,0,0,0,1,0,0,5,0,0,0
6,19,4,2,1,0,0,0,0,3,1,0,0,0,2,1,0,0,0,0,0,2,0,0,1,0,1,0,0,3,1,1,0,0,0,0,0,0,1,1,2,1,1,0,0,0,0,0,1,0,2,0,0,0,0,2,1,0,0,0,0,1,0,0,0,0,0,0,2,4,0,0,0,0,0,0,0,0,0,0,0,0,1,1,0,0,0,0,1,1,0,0,0,0,0,1,0,0,5,0,0,0
6,20,4,2,1,0,0,0,0,3,1,0,0,0,2,1,0,0,0,0,0,2,0,0,1,0,1,0,0,3,1,1,0,0,0,0,0,0,1,1,2,1,1,0,0,0,0,0,1,0,2,0,0,0,0,2,1,0,0,0,0,1,0,0,0,0,0,0,2,4,0,0,0,0,0,0,0,0,0,0,0,0,1,1,0,0,0,0,1,1,0,0,0,0,0,1,0,0,5,0,0,0
6,21,4,2,1,0,0,0,0,3,1,0,0,0,2,1,0,0,0,0,0,2,0,0,1,0,1,0,0,3,1,1,0,0,0,0,0,0,1,1,2,1,1,0,0,0,0,0,1,0,2,0,0,0,0,2,1,0,0,0,0,1,0,0,0,0,0,0,2,4,0,0,0,0,0,0,0,0,0,0,0,0,1,1,0,0,0,0,1,1,0,0,0,0,0,1,0,0,5,0,0,0
6,22,4,2,1,0,0,0,0,3,1,0,0,0,2,1,0,0,0,0,0,2,0,0,1,0,1,0,0,3,1,1,0,0,0,0,0,0,1,1,2,1,1,0,0,0,0,0,1,0,2,0,0,0,0,2,1,0,0,0,0,1,0,0,0,0,0,0,2,4,0,0,0,0,0,0,0,0,0,0,0,0,1,1,0,0,0,0,1,1,0,0,0,0,0,1,0,0,5,0,0,0
6,23,4,2,1,0,0,0,0,3,1,0,0,0,2,1,0,0,0,0,0,2,0,0,1,0,1,0,0,3,1,1,0,0,0,0,0,0,1,1,2,1,1,0,0,0,0,0,1,0,2,0,0,0,0,2,1,0,0,0,0,1,0,0,0,0,0,0,2,4,0,0,0,0,0,0,0,0,0,0,0,0,1,1,0,0,0,0,1,1,0,0,0,0,0,1,0,0,5,0,0,0
6,24,4,2,1,0,0,0,0,3,1,0,0,0,2,1,0,0,0,0,0,2,0,0,1,0,1,0,0,3,1,1,0,0,0,0,0,0,1,1,2,1,1,0,0,0,0,0,1,0,2,0,0,0,0,2,1,0,0,0,0,1,0,0,0,0,0,0,2,4,0,0,0,0,0,0,0,0,0,0,0,0,1,1,0,0,0,0,1,1,0,0,0,0,0,1,0,0,5,0,0,0
6,25,4,2,1,0,0,0,0,3,1,0,0,0,2,1,0,0,0,0,0,2,0,0,1,0,1,0,0,3,1,1,0,0,0,0,0,0,1,1,2,1,1,0,0,0,0,0,1,0,2,0,0,0,0,2,1,0,0,0,0,1,0,0,0,0,0,0,2,4,0,0,0,0,0,0,0,0,0,0,0,0,1,1,0,0,0,0,1,1,0,0,0,0,0,1,0,0,5,0,0,0
6,26,4,2,1,0,0,0,0,3,1,0,0,0,2,1,0,0,0,0,0,2,0,0,1,0,1,0,0,3,1,1,0,0,0,0,0,0,1,1,2,1,1,0,0,0,0,0,1,0,2,0,0,0,0,2,1,0,0,0,0,1,0,0,0,0,0,0,2,4,0,0,0,0,0,0,0,0,0,0,0,0,1,1,0,0,0,0,1,1,0,0,0,0,0,1,0,0,5,0,0,0
6,27,4,2,1,0,0,0,0,3,1,0,0,0,2,1,0,0,0,0,0,2,0,0,1,0,1,0,0,3,1,1,0,0,0,0,0,0,1,1,2,1,1,0,0,0,0,0,1,0,2,0,0,0,0,2,1,0,0,0,0,1,0,0,0,0,0,0,2,4,0,0,0,0,0,0,0,0,0,0,0,0,1,1,0,0,0,0,1,1,0,0,0,0,0,1,0,0,5,0,0,0
6,28,4,2,1,0,0,0,0,3,1,0,0,0,2,1,0,0,0,0,0,2,0,0,1,0,1,0,0,3,1,1,0,0,0,0,0,0,1,1,2,1,1,0,0,0,0,0,1,0,2,0,0,0,0,2,1,0,0,0,0,1,0,0,0,0,0,0,2,4,0,0,0,0,0,0,0,0,0,0,0,0,1,1,0,0,0,0,1,1,0,0,0,0,0,1,0,0,5,0,0,0
6,29,4,2,1,0,0,0,0,3,1,0,0,0,2,1,0,0,0,0,0,2,0,0,1,0,1,0,0,3,1,1,0,0,0,0,0,0,1,1,2,1,1,0,0,0,0,0,1,0,2,0,0,0,0,2,1,0,0,0,0,1,0,0,0,0,0,0,2,4,0,0,0,0,0,0,0,0,0,0,0,0,1,1,0,0,0,0,1,1,0,0,0,0,0,1,0,0,5,0,0,0
6,30,4,2,1,0,0,0,0,3,1,0,0,0,2,1,0,0,0,0,0,2,0,0,1,0,1,0,0,3,1,1,0,0,0,0,0,0,1,1,2,1,1,0,0,0,0,0,1,0,2,0,0,0,0,2,1,0,0,0,0,1,0,0,0,0,0,0,2,4,0,0,0,0,0,0,0,0,0,0,0,0,1,1,0,0,0,0,1,1,0,0,0,0,0,1,0,0,5,0,0,0
6,31,4,2,1,0,0,0,0,3,1,0,0,0,2,1,0,0,0,0,0,2,0,0,1,0,1,0,0,3,1,1,0,0,0,0,0,0,1,1,2,1,1,0,0,0,0,0,1,0,2,0,0,0,0,2,1,0,0,0,0,1,0,0,0,0,0,0,2,4,0,0,0,0,0,0,0,0,0,0,0,0,1,1,0,0,0,0,1,1,0,0,0,0,0,1,0,0,5,0,0,0
6,32,4,2,1,0,0,0,0,3,1,0,0,0,2,1,0,0,0,0,0,2,0,0,1,0,1,0,0,3,1,1,0,0,0,0,0,0,1,1,2,1,1,0,0,0,0,0,1,0,2,0,0,0,0,2,1,0,0,0,0,1,0,0,0,0,0,0,2,4,0,0,0,0,0,0,0,0,0,0,0,0,1,1,0,0,0,0,1,1,0,0,0,0,0,1,0,0,5,0,0,0
6,33,4,2,1,0,0,0,0,3,1,0,0,0,2,1,0,0,0,0,0,2,0,0,1,0,1,0,0,3,1,1,0,0,0,0,0,0,1,1,2,1,1,0,0,0,0,0,1,0,2,0,0,0,0,2,1,0,0,0,0,1,0,0,0,0,0,0,2,4,0,0,0,0,0,0,0,0,0,0,0,0,1,1,0,0,0,0,1,1,0,0,0,0,0,1,0,0,5,0,0,0
6,34,4,2,1,0,0,0,0,3,1,0,0,0,2,1,0,0,0,0,0,2,0,0,1,0,1,0,0,3,1,1,0,0,0,0,0,0,1,1,2,1,1,0,0,0,0,0,1,0,2,0,0,0,0,2,1,0,0,0,0,1,0,0,0,0,0,0,2,4,0,0,0,0,0,0,0,0,0,0,0,0,1,1,0,0,0,0,1,1,0,0,0,0,0,1,0,0,5,0,0,0
6,35,4,2,1,0,0,0,0,3,1,0,0,0,2,1,0,0,0,0,0,2,0,0,1,0,1,0,0,3,1,1,0,0,0,0,0,0,1,1,2,1,1,0,0,0,0,0,1,0,2,0,0,0,0,2,1,0,0,0,0,1,0,0,0,0,0,0,2,4,0,0,0,0,0,0,0,0,0,0,0,0,1,1,0,0,0,0,1,1,0,0,0,0,0,1,0,0,5,0,0,0
6,36,4,2,1,0,0,0,0,3,1,0,0,0,2,1,0,0,0,0,0,2,0,0,1,0,1,0,0,3,1,1,0,0,0,0,0,0,1,1,2,1,1,0,0,0,0,0,1,0,2,0,0,0,0,2,1,0,0,0,0,1,0,0,0,0,0,0,2,4,0,0,0,0,0,0,0,0,0,0,0,0,1,1,0,0,0,0,1,1,0,0,0,0,0,1,0,0,5,0,0,0
6,37,4,2,1,0,0,0,0,3,1,0,0,0,2,1,0,0,0,0,0,2,0,0,1,0,1,0,0,3,1,1,0,0,0,0,0,0,1,1,2,1,1,0,0,0,0,0,1,0,2,0,0,0,0,2,1,0,0,0,0,1,0,0,0,0,0,0,2,4,0,0,0,0,0,0,0,0,0,0,0,0,1,1,0,0,0,0,1,1,0,0,0,0,0,1,0,0,5,0,0,0
6,38,4,2,1,0,0,0,0,3,1,0,0,0,2,1,0,0,0,0,0,2,0,0,1,0,1,0,0,3,1,1,0,0,0,0,0,0,1,1,2,1,1,0,0,0,0,0,1,0,2,0,0,0,0,2,1,0,0,0,0,1,0,0,0,0,0,0,2,4,0,0,0,0,0,0,0,0,0,0,0,0,1,1,0,0,0,0,1,1,0,0,0,0,0,1,0,0,5,0,0,0
6,39,4,2,1,0,0,0,0,3,1,0,0,0,2,1,0,0,0,0,0,2,0,0,1,0,1,0,0,3,1,1,0,0,0,0,0,0,1,1,2,1,1,0,0,0,0,0,1,0,2,0,0,0,0,2,1,0,0,0,0,1,0,0,0,0,0,0,2,4,0,0,0,0,0,0,0,0,0,0,0,0,1,1,0,0,0,0,1,1,0,0,0,0,0,1,0,0,5,0,0,0
7,0,1,3,0,0,1,2,0,6,3,0,1,0,0,1,0,1,1,2,0,1,0,0,0,0,2,1,1,0,0,5,1,1,1,2,0,2,2,0,4,0,2,0,0,0,1,0,2,1,0,0,1,1,0,1,0,0,0,0,3,0,0,0,0,0,4,2,2,0,1,1,0,4,0,0,2,2,0,1,0,1,0,0,0,0,0,0,0,0,0,0,0,1,0,0,0,0,0,1,0,1
7,1,1,1,0,0,0,2,0,6,3,0,1,0,0,1,0,1,1,2,0,1,0,0,0,0,2,1,1,0,0,5,1,1,1,2,0,2,2,1,4,0,2,0,0,0,1,0,2,0,1,0,0,1,1,1,0,0,0,0,3,0,0,0,0,0,4,2,2,0,1,1,0,1,0,0,0,1,0,1,0,1,0,0,0,0,0,0,0,0,0,0,0,1,0,1,0,0,0,1,0,0
7,2,1,1,0,0,0,0,0,6,3,0,1,0,1,1,0,0,1,0,0,1,0,0,0,0,2,1,1,0,0,5,1,1,1,2,0,2,2,1,4,0,2,0,0,0,1,0,2,0,1,0,0,1,1,0,0,0,0,0,0,0,0,0,0,0,4,2,2,0,1,1,0,1,0,0,0,1,0,0,0,0,0,0,0,0,0,0,0,0,0,0,0,1,0,1,0,0,0,1,0,0
7,3,1,1,0,0,0,0,0,3,1,0,1,0,1,1,0,0,1,0,0,1,0,0,0,0,2,1,1,0,0,5,1,1,1,2,0,2,2,1,4,0,2,0,0,0,1,0,2,0,1,0,0,1,1,0,0,0,0,0,0,0,0,0,0,0,4,2,2,0,1,1,0,1,0,0,1,1,0,1,0,0,0,0,0,0,0,0,0,0,0,0,0,1,0,1,1,0,0,1,0,0
7,4,1,1,0,0,0,0,0,3,1,0,1,0,1,1,0,0,0,0,0,1,0,0,0,0,2,1,1,0,0,5,1,1,1,2,0,2,2,1,4,0,2,0,0,0,1,0,2,0,1,0,0,1,1,0,0,0,0,0,0,0,0,0,0,0,4,2,2,0,1,1,0,1,0,0,1,1,0,1,0,0,0,0,0,0,0,0,0,0,0,0,0,1,0,1,1,0,1,1,0,0
7,5,1,1,0,0,0,0,0,3,1,0,1,0,0,1,0,0,0,0,0,1,0,0,0,0,2,1,1,0,0,5,1,1,1,2,0,2,2,1,4,0,2,0,0,0,1,0,2,0,1,0,0,1,1,0,0,0,0,0,0,0,0,0,0,0,4,2,2,0,1,1,0,1,0,0,1,1,0,1,0,0,0,0,0,0,0,0,0,0,0,0,0,1,0,1,1,0,1,1,0,0
7,6,1,1,0,0,0,0,0,3,1,0,1,0,0,1,0,0,0,0,0,1,0,0,0,0,2,1,1,0,0,5,1,1,1,2,0,2,2,1,4,0,2,0,0,0,1,0,2,0,1,0,0,1,1,0,0,0,0,0,0,0,0,0,0,0,4,2,2,0,1,1,0,1,0,0,1,1,0,1,0,0,0,0,0,0,0,0,0,0,0,0,0,1,0,1,1,0,1,1,0,0
7,7,1,1,0,0,0,0,0,3,1,0,1,0,0,1,0,0,0,0,0,1,0,0,0,0,2,1,1,0,0,5,1,1,1,2,0,2,2,1,4,0,2,0,0,0,1,0,2,0,1,0,0,1,1,0,0,0,0,0,0,0,0,0,0,0,4,2,2,0,1,1,0,1,0,0,1,1,0,1,0,0,0,0,0,0,0,0,0,0,0,0,0,1,0,1,1,0,1,1,0,0
7,8,1,1,0,0,0,0,0,3,1,0,1,0,0,1,0,0,0,0,0,1,0,0,0,0,2,1,1,0,0,5,1,1,1,2,0,2,2,1,4,0,2,0,0,0,1,0,2,0,1,0,0,1,1,0,0,0,0,0,0,0,0,0,0,0,4,2,2,0,1,1,0,1,0,0,1,1,0,1,0,0,0,0,0,0,0,0,0,0,0,0,0,1,0,1,1,0,1,1,0,0
7,9,1,1,0,0,0,0,0,3,1,0,1,0,0,1,0,0,0,0,0,1,0,0,0,0,2,1,1,0,0,5,1,1,1,2,0,2,2,1,4,0,2,0,0,0,1,0,2,0,1,0,0,1,1,0,0,0,0,0,0,0,0,0,0,0,4,2,2,0,1,1,0,1,0,0,1,1,0,1,0,0,0,0,0,0,0,0,0,0,0,0,0,1,0,1,1,0,1,1,0,0
7,10,1,1,0,0,0,0,0,3,1,0,1,0,0,1,0,0,0,0,0,1,0,0,0,0,2,1,1,0,0,5,1,1,1,2,0,2,2,1,4,0,2,0,0,0,1,0,2,0,1,0,0,1,1,0,0,0,0,0,0,0,0,0,0,0,4,2,2,0,1,1,0,1,0,0,1,1,0,1,0,0,0,0,0,0,0,0,0,0,0,0,0,1,0,1,1,0,1,1,0,0
7,11,1,1,0,0,0,0,0,3,1,0,1,0,0,1,0,0,0,0,0,1,0,0,0,0,2,1,1,0,0,5,1,1,1,2,0,2,2,1,4,0,2,0,0,0,1,0,2,0,1,0,0,1,1,0,0,0,0,0,0,0,0,0,0,0,4,2,2,0,1,1,0,1,0,0,1,1,0,1,0,0,0,0,0,0,0,0,0,0,0,0,0,1,0,1,1,0,1,1,0,0
7,12,1,1,0,0,0,0,0,3,1,0,1,0,0,1,0,0,0,0,0,1,0,0,0,0,2,1,1,0,0,5,1,1,1,2,0,2,2,1,4,0,2,0,0,0,1,0,2,0,1,0,0,1,1,0,0,0,0,0,0,0,0,0,0,0,4,2,2,0,1,1,0,1,0,0,1,1,0,1,0,0,0,0,0,0,0,0,0,0,0,0,0,1,0,1,1,0,1,1,0,0
7,13,1,1,0,0,0,0,0,3,1,0,1,0,0,1,0,0,0,0,0,1,0,0,0,0,2,1,1,0,0,5,1,1,1,2,0,2,2,1,4,0,2,0,0,0,1,0,2,0,1,0,0,1,1,0,0,0,0,0,0,0,0,0,0,0,4,2,2,0,1,1,0,1,0,0,1,1,0,1,0,0,0,0,0,0,0,0,0,0,0,0,0,1,0,1,1,0,1,1,0,0
7,14,1,1,0,0,0,0,0,3,1,0,1,0,0,1,0,0,0,0,0,1,0,0,0,0,2,1,1,0,0,5,1,1,1,2,0,2,2,1,4,0,2,0,0,0,1,0,2,0,1,0,0,1,1,0,0,0,0,0,0,0,0,0,0,0,4,2,2,0,1,1,0,1,0,0,1,1,0,1,0,0,0,0,0,0,0,0,0,0,0,0,0,1,0,1,1,0,1,1,0,0
7,15,1,1,0,0,0,0,0,3,1,0,1,0,0,1,0,0,0,0,0,1,0,0,0,0,2,1,1,0,0,5,1,1,1,2,0,2,2,1,4,0,2,0,0,0,1,0,2,0,1,0,0,1,1,0,0,0,0,0,0,0,0,0,0,0,4,2,2,0,1,1,0,1,0,0,1,1,0,1,0,0,0,0,0,0,0,0,0,0,0,0,0,1,0,1,1,0,1,1,0,0
7,16,1,1,0,0,0,0,0,3,1,0,1,0,0,1,0,0,0,0,0,1,0,0,0,0,2,1,1,0,0,5,1,1,1,2,0,2,2,1,4,0,2,0,0,0,1,0,2,0,1,0,0,1,1,0,0,0,0,0,0,0,0,0,0,0,4,2,2,0,1,1,0,1,0,0,1,1,0,1,0,0,0,0,0,0,0,0,0,0,0,0,0,1,0,1,1,0,1,1,0,0
7,17,1,1,0,0,0,0,0,3,1,0,1,0,0,1,0,0,0,0,0,1,0,0,0,0,2,1,1,0,0,5,1,1,1,2,0,2,2,1,4,0,2,0,0,0,1,0,2,0,1,0,0,1,1,0,0,0,0,0,0,0,0,0,0,0,4,2,2,0,1,1,0,1,0,0,1,1,0,1,0,0,0,0,0,0,0,0,0,0,0,0,0,1,0,1,1,0,1,1,0,0
7,18,1,1,0,0,0,0,0,3,1,0,1,0,0,1,0,0,0,0,0,1,0,0,0,0,2,1,1,0,0,5,1,1,1,2,0,2,2,1,4,0,2,0,0,0,1,0,2,0,1,0,0,1,1,0,0,0,0,0,0,0,0,0,0,0,4,2,2,0,1,1,0,1,0,0,1,1,0,1,0,0,0,0,0,0,0,0,0,0,0,0,0,1,0,1,1,0,1,1,0,0
7,19,1,1,0,0,0,0,0,3,1,0,1,0,0,1,0,0,0,0,0,1,0,0,0,0,2,1,1,0,0,5,1,1,1,2,0,2,2,1,4,0,2,0,0,0,1,0,2,0,1,0,0,1,1,0,0,0,0,0,0,0,0,0,0,0,4,2,2,0,1,1,0,1,0,0,1,1,0,1,0,0,0,0,0,0,0,0,0,0,0,0,0,1,0,1,1,0,1,1,0,0
7,20,1,1,0,0,0,0,0,3,1,0,1,0,0,1,0,0,0,0,0,1,0,0,0,0,2,1,1,0,0,5,1,1,1,2,0,2,2,1,4,0,2,0,0,0,1,0,2,0,1,0,0,1,1,0,0,0,0,0,0,0,0,0,0,0,4,2,2,0,1,1,0,1,0,0,1,1,0,1,0,0,0,0,0,0,0,0,0,0,0,0,0,1,0,1,1,0,1,1,0,0
7,21,1,1,0,0,0,0,0,3,1,0,1,0,0,1,0,0,0,0,0,1,0,0,0,0,2,1,1,0,0,5,1,1,1,2,0,2,2,1,4,0,2,0,0,0,1,0,2,0,1,0,0,1,1,0,0,0,0,0,0,0,0,0,0,0,4,2,2,0,1,1,0,1,0,0,1,1,0,1,0,0,0,0,0,0,0,0,0,0,0,0,0,1,0,1,1,0,1,1,0,0
7,22,1,1,0,0,0,0,0,3,1,0,1,0,0,1,0,0,0,0,0,1,0,0,0,0,2,1,1,0,0,5,1,1,1,2,0,2,2,1,4,0,2,0,0,0,1,0,2,0,1,0,0,1,1,0,0,0,0,0,0,0,0,0,0,0,4,2,2,0,1,1,0,1,0,0,1,1,0,1,0,0,0,0,0,0,0,0,0,0,0,0,0,1,0,1,1,0,1,1,0,0
7,23,1,1,0,0,0,0,0,3,1,0,1,0,0,1,0,0,0,0,0,1,0,0,0,0,2,1,1,0,0,5,1,1,1,2,0,2,2,1,4,0,2,0,0,0,1,0,2,0,1,0,0,1,1,0,0,0,0,0,0,0,0,0,0,0,4,2,2,0,1,1,0,1,0,0,1,1,0,1,0,0,0,0,0,0,0,0,0,0,0,0,0,1,0,1,1,0,1,1,0,0
7,24,1,1,0,0,0,0,0,3,1,0,1,0,0,1,0,0,0,0,0,1,0,0,0,0,2,1,1,0,0,5,1,1,1,2,0,2,2,1,4,0,2,0,0,0,1,0,2,0,1,0,0,1,1,0,0,0,0,0,0,0,0,0,0,0,4,2,2,0,1,1,0,1,0,0,1,1,0,1,0,0,0,0,0,0,0,0,0,0,0,0,0,1,0,1,1,0,1,1,0,0
7,25,1,1,0,0,0,0,0,3,1,0,1,0,0,1,0,0,0,0,0,1,0,0,0,0,2,1,1,0,0,5,1,1,1,2,0,2,2,1,4,0,2,0,0,0,1,0,2,0,1,0,0,1,1,0,0,0,0,0,0,0,0,0,0,0,4,2,2,0,1,1,0,1,0,0,1,1,0,1,0,0,0,0,0,0,0,0,0,0,0,0,0,1,0,1,1,0,1,1,0,0
7,26,1,1,0,0,0,0,0,3,1,0,1,0,0,1,0,0,0,0,0,1,0,0,0,0,2,1,1,0,0,5,1,1,1,2,0,2,2,1,4,0,2,0,0,0,1,0,2,0,1,0,0,1,1,0,0,0,0,0,0,0,0,0,0,0,4,2,2,0,1,1,0,1,0,0,1,1,0,1,0,0,0,0,0,0,0,0,0,0,0,0,0,1,0,1,1,0,1,1,0,0
7,27,1,1,0,0,0,0,0,3,1,0,1,0,0,1,0,0,0,0,0,1,0,0,0,0,2,1,1,0,0,5,1,1,1,2,0,2,2,1,4,0,2,0,0,0,1,0,2,0,1,0,0,1,1,0,0,0,0,0,0,0,0,0,0,0,4,2,2,0,1,1,0,1,0,0,1,1,0,1,0,0,0,0,0,0,0,0,0,0,0,0,0,1,0,1,1,0,1,1,0,0
7,28,1,1,0,0,0,0,0,3,1,0,1,0,0,1,0,0,0,0,0,1,0,0,0,0,2,1,1,0,0,5,1,1,1,2,0,2,2,1,4,0,2,0,0,0,1,0,2,0,1,0,0,1,1,0,0,0,0,0,0,0,0,0,0,0,4,2,2,0,1,1,0,1,0,0,1,1,0,1,0,0,0,0,0,0,0,0,0,0,0,0,0,1,0,1,1,0,1,1,0,0
7,29,1,1,0,0,0,0,0,3,1,0,1,0,0,1,0,0,0,0,0,1,0,0,0,0,2,1,1,0,0,5,1,1,1,2,0,2,2,1,4,0,2,0,0,0,1,0,2,0,1,0,0,1,1,0,0,0,0,0,0,0,0,0,0,0,4,2,2,0,1,1,0,1,0,0,1,1,0,1,0,0,0,0,0,0,0,0,0,0,0,0,0,1,0,1,1,0,1,1,0,0
7,30,1,1,0,0,0,0,0,3,1,0,1,0,0,1,0,0,0,0,0,1,0,0,0,0,2,1,1,0,0,5,1,1,1,2,0,2,2,1,4,0,2,0,0,0,1,0,2,0,1,0,0,1,1,0,0,0,0,0,0,0,0,0,0,0,4,2,2,0,1,1,0,1,0,0,1,1,0,1,0,0,0,0,0,0,0,0,0,0,0,0,0,1,0,1,1,0,1,1,0,0
7,31,1,1,0,0,0,0,0,3,1,0,1,0,0,1,0,0,0,0,0,1,0,0,0,0,2,1,1,0,0,5,1,1,1,2,0,2,2,1,4,0,2,0,0,0,1,0,2,0,1,0,0,1,1,0,0,0,0,0,0,0,0,0,0,0,4,2,2,0,1,1,0,1,0,0,1,1,0,1,0,0,0,0,0,0,0,0,0,0,0,0,0,1,0,1,1,0,1,1,0,0
7,32,1,1,0,0,0,0,0,3,1,0,1,0,0,1,0,0,0,0,0,1,0,0,0,0,2,1,1,0,0,5,1,1,1,2,0,2,2,1,4,0,2,0,0,0,1,0,2,0,1,0,0,1,1,0,0,0,0,0,0,0,0,0,0,0,4,2,2,0,1,1,0,1,0,0,1,1,0,1,0,0,0,0,0,0,0,0,0,0,0,0,0,1,0,1,1,0,1,1,0,0
7,33,1,1,0,0,0,0,0,3,1,0,1,0,0,1,0,0,0,0,0,1,0,0,0,0,2,1,1,0,0,5,1,1,1,2,0,2,2,1,4,0,2,0,0,0,1,0,2,0,1,0,0,1,1,0,0,0,0,0,0,0,0,0,0,0,4,2,2,0,1,1,0,1,0,0,1,1,0,1,0,0,0,0,0,0,0,0,0,0,0,0,0,1,0,1,1,0,1,1,0,0
7,34,1,1,0,0,0,0,0,3,1,0,1,0,0,1,0,0,0,0,0,1,0,0,0,0,2,1,1,0,0,5,1,1,1,2,0,2,2,1,4,0,2,0,0,0,1,0,2,0,1,0,0,1,1,0,0,0,0,0,0,0,0,0,0,0,4,2,2,0,1,1,0,1,0,0,1,1,0,1,0,0,0,0,0,0,0,0,0,0,0,0,0,1,0,1,1,0,1,1,0,0
7,35,1,1,0,0,0,0,0,3,1,0,1,0,0,1,0,0,0,0,0,1,0,0,0,0,2,1,1,0,0,5,1,1,1,2,0,2,2,1,4,0,2,0,0,0,1,0,2,0,1,0,0,1,1,0,0,0,0,0,0,0,0,0,0,0,4,2,2,0,1,1,0,1,0,0,1,1,0,1,0,0,0,0,0,0,0,0,0,0,0,0,0,1,0,1,1,0,1,1,0,0
7,36,1,1,0,0,0,0,0,3,1,0,1,0,0,1,0,0,0,0,0,1,0,0,0,0,2,1,1,0,0,5,1,1,1,2,0,2,2,1,4,0,2,0,0,0,1,0,2,0,1,0,0,1,1,0,0,0,0,0,0,0,0,0,0,0,4,2,2,0,1,1,0,1,0,0,1,1,0,1,0,0,0,0,0,0,0,0,0,0,0,0,0,1,0,1,1,0,1,1,0,0
7,37,1,1,0,0,0,0,0,3,1,0,1,0,0,1,0,0,0,0,0,1,0,0,0,0,2,1,1,0,0,5,1,1,1,2,0,2,2,1,4,0,2,0,0,0,1,0,2,0,1,0,0,1,1,0,0,0,0,0,0,0,0,0,0,0,4,2,2,0,1,1,0,1,0,0,1,1,0,1,0,0,0,0,0,0,0,0,0,0,0,0,0,1,0,1,1,0,1,1,0,0
7,38,1,1,0,0,0,0,0,3,1,0,1,0,0,1,0,0,0,0,0,1,0,0,0,0,2,1,1,0,0,5,1,1,1,2,0,2,2,1,4,0,2,0,0,0,1,0,2,0,1,0,0,1,1,0,0,0,0,0,0,0,0,0,0,0,4,2,2,0,1,1,0,1,0,0,1,1,0,1,0,0,0,0,0,0,0,0,0,0,0,0,0,1,0,1,1,0,1,1,0,0
7,39,1,1,0,0,0,0,0,3,1,0,1,0,0,1,0,0,0,0,0,1,0,0,0,0,2,1,1,0,0,5,1,1,1,2,0,2,2,1,4,0,2,0,0,0,1,0,2,0,1,0,0,1,1,0,0,0,0,0,0,0,0,0,0,0,4,2,2,0,1,1,0,1,0,0,1,1,0,1,0,0,0,0,0,0,0,0,0,0,0,0,0,1,0,1,1,0,1,1,0,0
8,0,4,1,1,2,1,1,1,2,0,0,0,0,0,0,0,0,1,0,5,0,1,2,4,0,0,1,2,2,1,0,0,2,0,0,3,1,1,0,0,1,2,0,1,3,1,1,0,4,0,1,0,0,0,1,1,0,0,0,1,0,0,0,1,0,0,1,0,0,1,0,0,1,1,0,3,1,1,1,3,0,0,0,0,0,0,0,0,0,0,0,0,0,1,0,1,0,2,1,0,2
8,1,4,1,1,2,1,1,1,2,0,1,0,0,1,0,0,0,1,2,1,0,1,2,4,0,0,1,2,2,1,0,0,2,0,0,3,1,1,0,0,1,2,0,1,3,1,1,0,4,0,1,0,0,0,1,1,0,1,1,0,0,0,0,1,0,0,1,0,0,1,0,0,1,1,0,3,1,1,1,0,0,0,0,0,0,0,0,0,0,0,0,0,0,1,0,1,0,2,1,1,0
8,2,4,0,0,0,1,1,1,2,0,1,0,0,1,0,0,0,1,2,1,0,1,2,4,0,0,1,2,2,1,0,0,2,0,0,3,1,1,0,0,0,0,1,1,3,1,1,0,4,0,1,0,1,2,1,1,0,1,1,0,0,0,0,1,0,0,1,0,0,1,0,0,1,1,0,0,1,0,1,0,0,0,0,0,0,0,0,0,0,0,0,0,0,1,0,0,0,2,1,1,0
8,3,4,0,0,0,1,1,0,2,0,1,0,0,0,0,0,0,1,2,1,0,1,2,4,0,0,1,2,2,1,0,0,2,0,0,3,1,1,0,0,0,0,1,1,3,1,1,0,4,0,1,0,1,2,1,1,0,1,1,0,0,0,0,1,0,0,1,0,0,1,0,0,1,1,0,0,1,0,1,0,0,0,0,0,0,0,0,0,0,0,0,0,0,1,0,0,0,2,1,1,0
8,4,4,0,0,0,1,1,2,2,0,1,0,0,0,0,0,0,1,2,1,0,2,2,4,0,0,1,2,2,1,0,0,2,0,0,3,1,1,0,0,0,0,1,1,3,1,1,0,4,0,1,0,1,2,1,1,0,1,1,0,0,0,0,1,0,0,1,0,0,1,0,0,1,1,0,0,1,0,1,0,0,0,0,0,0,0,0,0,0,0,0,0,0,1,0,0,0,2,1,1,0
8,5,4,0,0,0,1,1,2,2,0,1,0,0,0,0,0,0,1,2,1,0,2,2,4,0,0,1,2,2,1,0,0,2,0,0,3,1,1,0,0,0,0,1,1,3,1,1,0,4,0,1,0,1,2,1,1,0,1,1,0,0,0,0,1,0,0,1,0,0,1,0,0,1,1,0,0,1,0,1,0,0,0,0,0,0,0,0,0,0,0,0,0,0,1,0,0,0,2,1,1,0
8,6,4,0,0,0,1,1,2,2,0,1,0,0,0,0,0,0,1,2,1,0,2,2,4,0,0,1,2,2,1,0,0,2,0,0,3,1,1,0,0,0,0,1,1,3,1,1,0,4,0,1,0,1,2,1,1,0,1,1,0,0,0,0,1,0,0,1,0,0,1,0,0,1,1,0,0,1,0,1,0,0,0,0,0,0,0,0,0,0,0,0,0,0,1,0,0,0,2,1,1,0
8,7,4,0,0,0,1,1,2,2,0,1,0,0,0,0,0,0,1,2,1,0,2,2,4,0,0,1,2,2,1,0,0,2,0,0,3,1,1,0,0,0,0,1,1,3,1,1,0,4,0,1,0,1,2,1,1,0,1,1,0,0,0,0,1,0,0,1,0,0,1,0,0,1,1,0,0,1,0,1,0,0,0,0,0,0,0,0,0,0,0,0,0,0,1,0,0,0,2,1,1,0
8,8,4,0,0,0,1,1,2,2,0,1,0,0,0,0,0,0,1,2,1,0,2,2,4,0,0,1,2,2,1,0,0,2,0,0,3,1,1,0,0,0,0,1,1,3,1,1,0,4,0,1,0,1,2,1,1,0,1,1,0,0,0,0,1,0,0,1,0,0,1,0,0,1,1,0,0,1,0,1,0,0,0,0,0,0,0,0,0,0,0,0,0,0,1,0,0,0,2,1,1,0
8,9,4,0,0,0,1,1,2,2,0,1,0,0,0,0,0,0,1,2,1,0,2,2,4,0,0,1,2,2,1,0,0,2,0,0,3,1,1,0,0,0,0,1,1,3,1,1,0,4,0,1,0,1,2,1,1,0,1,1,0,0,0,0,1,0,0,1,0,0,1,0,0,1,1,0,0,1,0,1,0,0,0,0,0,0,0,0,0,0,0,0,0,0,1,0,0,0,2,1,1,0
8,10,4,0,0,0,1,1,2,2,0,1,0,0,0,0,0,0,1,2,1,0,2,2,4,0,0,1,2,2,1,0,0,2,0,0,3,1,1,0,0,0,0,1,1,3,1,1,0,4,0,1,0,1,2,1,1,0,1,1,0,0,0,0,1,0,0,1,0,0,1,0,0,1,1,0,0,1,0,1,0,0,0,0,0,0,0,0,0,0,0,0,0,0,1,0,0,0,2,1,1,0
8,11,4,0,0,0,1,1,2,2,0,1,0,0,0,0,0,0,1,2,1,0,2,2,4,0,0,1,2,2,1,0,0,2,0,0,3,1,1,0,0,0,0,1,1,3,1,1,0,4,0,1,0,1,2,1,1,0,1,1,0,0,0,0,1,0,0,1,0,0,1,0,0,1,1,0,0,1,0,1,0,0,0,0,0,0,0,0,0,0,0,0,0,0,1,0,0,0,2,1,1,0
8,12,4,0,0,0,1,1,2,2,0,1,0,0,0,0,0,0,1,2,1,0,2,2,4,0,0,1,2,2,1,0,0,2,0,0,3,1,1,0,0,0,0,1,1,3,1,1,0,4,0,1,0,1,2,1,1,0,1,1,0,0,0,0,1,0,0,1,0,0,1,0,0,1,1,0,0,1,0,1,0,0,0,0,0,0,0,0,0,0,0,0,0,0,1,0,0,0,2,1,1,0
8,13,4,0,0,0,1,1,2,2,0,1,0,0,0,0,0,0,1,2,1,0,2,2,4,0,0,1,2,2,1,0,0,2,0,0,3,1,1,0,0,0,0,1,1,3,1,1,0,4,0,1,0,1,2,1,1,0,1,1,0,0,0,0,1,0,0,1,0,0,1,0,0,1,1,0,0,1,0,1,0,0,0,0,0,0,0,0,0,0,0,0,0,0,1,0,0,0,2,1,1,0
8,14,4,0,0,0,1,1,2,2,0,1,0,0,0,0,0,0,1,2,1,0,2,2,4,0,0,1,2,2,1,0,0,2,0,0,3,1,1,0,0,0,0,1,1,3,1,1,0,4,0,1,0,1,2,1,1,0,1,1,0,0,0,0,1,0,0,1,0,0,1,0,0,1,1,0,0,1,0,1,0,0,0,0,0,0,0,0,0,0,0,0,0,0,1,0,0,0,2,1,1,0
8,15,4,0,0,0,1,1,2,2,0,1,0,0,0,0,0,0,1,2,1,0,2,2,4,0,0,1,2,2,1,0,0,2,0,0,3,1,1,0,0,0,0,1,1,3,1,1,0,4,0,1,0,1,2,1,1,0,1,1,0,0,0,0,1,0,0,1,0,0,1,0,0,1,1,0,0,1,0,1,0,0,0,0,0,0,0,0,0,0,0,0,0,0,1,0,0,0,2,1,1,0
8,16,4,0,0,0,1,1,2,2,0,1,0,0,0,0,0,0,1,2,1,0,2,2,4,0,0,1,2,2,1,0,0,2,0,0,3,1,1,0,0,0,0,1,1,3,1,1,0,4,0,1,0,1,2,1,1,0,1,1,0,0,0,0,1,0,0,1,0,0,1,0,0,1,1,0,0,1,0,1,0,0,0,0,0,0,0,0,0,0,0,0,0,0,1,0,0,0,2,1,1,0
8,17,4,0,0,0,1,1,2,2,0,1,0,0,0,0,0,0,1,2,1,0,2,2,4,0,0,1,2,2,1,0,0,2,0,0,3,1,1,0,0,0,0,1,1,3,1,1,0,4,0,1,0,1,2,1,1,0,1,1,0,0,0,0,1,0,0,1,0,0,1,0,0,1,1,0,0,1,0,1,0,0,0,0,0,0,0,0,0,0,0,0,0,0,1,0,0,0,2,1,1,0
8,18,4,0,0,0,1,1,2,2,0,1,0,0,0,0,0,0,1,2,1,0,2,2,4,0,0,1,2,2,1,0,0,2,0,0,3,1,1,0,0,0,0,1,1,3,1,1,0,4,0,1,0,1,2,1,1,0,1,1,0,0,0,0,1,0,0,1,0,0,1,0,0,1,1,0,0,1,0,1,0,0,0,0,0,0,0,0,0,0,0,0,0,0,1,0,0,0,2,1,1,0
8,19,4,0,0,0,1,1,2,2,0,1,0,0,0,0,0,0,1,2,1,0,2,2,4,0,0,1,2,2,1,0,0,2,0,0,3,1,1,0,0,0,0,1,1,3,1,1,0,4,0,1,0,1,2,1,1,0,1,1,0,0,0,0,1,0,0,1,0,0,1,0,0,1,1,0,0,1,0,1,0,0,0,0,0,0,0,0,0,0,0,0,0,0,1,0,0,0,2,1,1,0
8,20,4,0,0,0,1,1,2,2,0,1,0,0,0,0,0,0,1,2,1,0,2,2,4,0,0,1,2,2,1,0,0,2,0,0,3,1,1,0,0,0,0,1,1,3,1,1,0,4,0,1,0,1,2,1,1,0,1,1,0,0,0,0,1,0,0,1,0,0,1,0,0,1,1,0,0,1,0,1,0,0,0,0,0,0,0,0,0,0,0,0,0,0,1,0,0,0,2,1,1,0
8,21,4,0,0,0,1,1,2,2,0,1,0,0,0,0,0,0,1,2,1,0,2,2,4,0,0,1,2,2,1,0,0,2,0,0,3,1,1,0,0,0,0,1,1,3,1,1,0,4,0,1,0,1,2,1,1,0,1,1,0,0,0,0,1,0,0,1,0,0,1,0,0,1,1,0,0,1,0,1,0,0,0,0,0,0,0,0,0,0,0,0,0,0,1,0,0,0,2,1,1,0
8,22,4,0,0,0,1,1,2,2,0,1,0,0,0,0,0,0,1,2,1,0,2,2,4,0,0,1,2,2,1,0,0,2,0,0,3,1,1,0,0,0,0,1,1,3,1,1,0,4,0,1,0,1,2,1,1,0,1,1,0,0,0,0,1,0,0,1,0,0,1,0,0,1,1,0,0,1,0,1,0,0,0,0,0,0,0,0,0,0,0,0,0,0,1,0,0,0,2,1,1,0
8,23,4,0,0,0,1,1,2,2,0,1,0,0,0,0,0,0,1,2,1,0,2,2,4,0,0,1,2,2,1,0,0,2,0,0,3,1,1,0,0,0,0,1,1,3,1,1,0,4,0,1,0,1,2,1,1,0,1,1,0,0,0,0,1,0,0,1,0,0,1,0,0,1,1,0,0,1,0,1,0,0,0,0,0,0,0,0,0,0,0,0,0,0,1,0,0,0,2,1,1,0
8,24,4,0,0,0,1,1,2,2,0,1,0,0,0,0,0,0,1,2,1,0,2,2,4,0,0,1,2,2,1,0,0,2,0,0,3,1,1,0,0,0,0,1,1,3,1,1,0,4,0,1,0,1,2,1,1,0,1,1,0,0,0,0,1,0,0,1,0,0,1,0,0,1,1,0,0,1,0,1,0,0,0,0,0,0,0,0,0,0,0,0,0,0,1,0,0,0,2,1,1,0
8,25,4,0,0,0,1,1,2,2,0,1,0,0,0,0,0,0,1,2,1,0,2,2,4,0,0,1,2,2,1,0,0,2,0,0,3,1,1,0,0,0,0,1,1,3,1,1,0,4,0,1,0,1,2,1,1,0,1,1,0,0,0,0,1,0,0,1,0,0,1,0,0,1,1,0,0,1,0,1,0,0,0,0,0,0,0,0,0,0,0,0,0,0,1,0,0,0,2,1,1,0
8,26,4,0,0,0,1,1,2,2,0,1,0,0,0,0,0,0,1,2,1,0,2,2,4,0,0,1,2,2,1,0,0,2,0,0,3,1,1,0,0,0,0,1,1,3,1,1,0,4,0,1,0,1,2,1,1,0,1,1,0,0,0,0,1,0,0,1,0,0,1,0,0,1,1,0,0,1,0,1,0,0,0,0,0,0,0,0,0,0,0,0,0,0,1,0,0,0,2,1,1,0
8,27,4,0,0,0,1,1,2,2,0,1,0,0,0,0,0,0,1,2,1,0,2,2,4,0,0,1,2,2,1,0,0,2,0,0,3,1,1,0,0,0,0,1,1,3,1,1,0,4,0,1,0,1,2,1,1,0,1,1,0,0,0,0,1,0,0,1,0,0,1,0,0,1,1,0,0,1,0,1,0,0,0,0,0,0,0,0,0,0,0,0,0,0,1,0,0,0,2,1,1,0
8,28,4,0,0,0,1,1,2,2,0,1,0,0,0,0,0,0,1,2,1,0,2,2,4,0,0,1,2,2,1,0,0,2,0,0,3,1,1,0,0,0,0,1,1,3,1,1,0,4,0,1,0,1,2,1,1,0,1,1,0,0,0,0,1,0,0,1,0,0,1,0,0,1,1,0,0,1,0,1,0,0,0,0,0,0,0,0,0,0,0,0,0,0,1,0,0,0,2,1,1,0
8,29,4,0,0,0,1,1,2,2,0,1,0,0,0,0,0,0,1,2,1,0,2,2,4,0,0,1,2,2,1,0,0,2,0,0,3,1,1,0,0,0,0,1,1,3,1,1,0,4,0,1,0,1,2,1,1,0,1,1,0,0,0,0,1,0,0,1,0,0,1,0,0,1,1,0,0,1,0,1,0,0,0,0,0,0,0,0,0,0,0,0,0,0,1,0,0,0,2,1,1,0
8,30,4,0,0,0,1,1,2,2,0,1,0,0,0,0,0,0,1,2,1,0,2,2,4,0,0,1,2,2,1,0,0,2,0,0,3,1,1,0,0,0,0,1,1,3,1,1,0,4,0,1,0,1,2,1,1,0,1,1,0,0,0,0,1,0,0,1,0,0,1,0,0,1,1,0,0,1,0,1,0,0,0,0,0,0,0,0,0,0,0,0,0,0,1,0,0,0,2,1,1,0
8,31,4,0,0,0,1,1,2,2,0,1,0,0,0,0,0,0,1,2,1,0,2,2,4,0,0,1,2,2,1,0,0,2,0,0,3,1,1,0,0,0,0,1,1,3,1,1,0,4,0,1,0,1,2,1,1,0,1,1,0,0,0,0,1,0,0,1,0,0,1,0,0,1,1,0,0,1,0,1,0,0,0,0,0,0,0,0,0,0,0,0,0,0,1,0,0,0,2,1,1,0
8,32,4,0,0,0,1,1,2,2,0,1,0,0,0,0,0,0,1,2,1,0,2,2,4,0,0,1,2,2,1,0,0,2,0,0,3,1,1,0,0,0,0,1,1,3,1,1,0,4,0,1,0,1,2,1,1,0,1,1,0,0,0,0,1,0,0,1,0,0,1,0,0,1,1,0,0,1,0,1,0,0,0,0,0,0,0,0,0,0,0,0,0,0,1,0,0,0,2,1,1,0
8,33,4,0,0,0,1,1,2,2,0,1,0,0,0,0,0,0,1,2,1,0,2,2,4,0,0,1,2,2,1,0,0,2,0,0,3,1,1,0,0,0,0,1,1,3,1,1,0,4,0,1,0,1,2,1,1,0,1,1,0,0,0,0,1,0,0,1,0,0,1,0,0,1,1,0,0,1,0,1,0,0,0,0,0,0,0,0,0,0,0,0,0,0,1,0,0,0,2,1,1,0
8,34,4,0,0,0,1,1,2,2,0,1,0,0,0,0,0,0,1,2,1,0,2,2,4,0,0,1,2,2,1,0,0,2,0,0,3,1,1,0,0,0,0,1,1,3,1,1,0,4,0,1,0,1,2,1,1,0,1,1,0,0,0,0,1,0,0,1,0,0,1,0,0,1,1,0,0,1,0,1,0,0,0,0,0,0,0,0,0,0,0,0,0,0,1,0,0,0,2,1,1,0
8,35,4,0,0,0,1,1,2,2,0,1,0,0,0,0,0,0,1,2,1,0,2,2,4,0,0,1,2,2,1,0,0,2,0,0,3,1,1,0,0,0,0,1,1,3,1,1,0,4,0,1,0,1,2,1,1,0,1,1,0,0,0,0,1,0,0,1,0,0,1,0,0,1,1,0,0,1,0,1,0,0,0,0,0,0,0,0,0,0,0,0,0,0,1,0,0,0,2,1,1,0
8,36,4,0,0,0,1,1,2,2,0,1,0,0,0,0,0,0,1,2,1,0,2,2,4,0,0,1,2,2,1,0,0,2,0,0,3,1,1,0,0,0,0,1,1,3,1,1,0,4,0,1,0,1,2,1,1,0,1,1,0,0,0,0,1,0,0,1,0,0,1,0,0,1,1,0,0,1,0,1,0,0,0,0,0,0,0,0,0,0,0,0,0,0,1,0,0,0,2,1,1,0
8,37,4,0,0,0,1,1,2,2,0,1,0,0,0,0,0,0,1,2,1,0,2,2,4,0,0,1,2,2,1,0,0,2,0,0,3,1,1,0,0,0,0,1,1,3,1,1,0,4,0,1,0,1,2,1,1,0,1,1,0,0,0,0,1,0,0,1,0,0,1,0,0,1,1,0,0,1,0,1,0,0,0,0,0,0,0,0,0,0,0,0,0,0,1,0,0,0,2,1,1,0
8,38,4,0,0,0,1,1,2,2,0,1,0,0,0,0,0,0,1,2,1,0,2,2,4,0,0,1,2,2,1,0,0,2,0,0,3,1,1,0,0,0,0,1,1,3,1,1,0,4,0,1,0,1,2,1,1,0,1,1,0,0,0,0,1,0,0,1,0,0,1,0,0,1,1,0,0,1,0,1,0,0,0,0,0,0,0,0,0,0,0,0,0,0,1,0,0,0,2,1,1,0
8,39,4,0,0,0,1,1,2,2,0,1,0,0,0,0,0,0,1,2,1,0,2,2,4,0,0,1,2,2,1,0,0,2,0,0,3,1,1,0,0,0,0,1,1,3,1,1,0,4,0,1,0,1,2,1,1,0,1,1,0,0,0,0,1,0,0,1,0,0,1,0,0,1,1,0,0,1,0,1,0,0,0,0,0,0,0,0,0,0,0,0,0,0,1,0,0,0,2,1,1,0
9,0,1,1,1,0,1,2,0,1,3,1,0,0,1,4,1,1,0,1,0,0,0,0,0,1,1,2,6,1,1,1,0,1,0,3,0,1,0,0,0,0,2,3,2,0,0,0,5,2,0,0,0,5,0,4,0,0,1,1,1,0,0,0,0,0,0,0,0,1,1,0,0,0,0,0,3,0,0,1,0,0,0,0,0,0,0,0,0,0,0,0,0,0,0,0,0,0,0,0,0,0
9,1,0,1,1,0,0,2,0,1,3,1,0,0,1,4,1,1,0,1,0,0,0,0,0,1,1,2,6,1,1,1,0,1,0,3,0,1,0,0,0,0,5,0,0,1,0,0,5,2,0,1,0,1,1,4,0,0,1,1,1,0,0,0,0,0,0,0,0,1,1,1,0,0,1,1,0,1,0,1,0,0,0,0,0,0,0,0,0,0,0,0,0,0,0,0,1,0,0,0,0,0
9,2,0,1,0,0,0,2,0,1,3,1,0,0,1,4,1,1,0,1,0,0,0,0,0,0,1,2,6,1,0,1,0,1,0,3,0,1,2,0,0,0,5,0,0,1,0,0,1,2,0,1,0,0,1,4,0,0,1,1,1,0,0,2,0,0,1,0,0,1,0,1,0,0,1,1,0,1,0,1,0,0,0,1,0,0,0,1,0,0,0,0,0,0,0,0,0,0,0,0,0,0
9,3,0,1,0,0,0,2,0,0,0,1,0,0,1,4,1,1,0,1,0,0,0,0,0,0,1,0,6,1,0,1,1,1,0,1,0,1,2,0,1,0,5,0,0,1,0,0,1,2,0,1,0,0,1,4,1,0,1,1,1,0,0,2,0,0,1,0,0,0,0,1,0,1,1,1,0,1,0,1,0,0,0,1,0,0,0,0,0,0,0,0,0,0,0,0,0,0,0,0,0,0
9,4,0,1,0,0,0,2,0,0,0,1,0,0,1,0,1,1,0,1,0,0,0,0,0,0,1,0,6,1,0,1,0,1,0,1,0,1,2,0,1,0,5,0,0,1,0,0,1,2,0,1,0,0,1,4,1,0,1,2,1,0,0,2,0,0,1,0,0,2,0,1,0,1,1,1,0,1,0,1,0,0,0,1,0,0,0,0,0,0,0,0,0,0,0,0,0,0,0,0,0,0
9,5,0,1,0,0,0,2,0,0,0,1,0,0,1,0,1,1,0,1,0,0,0,0,0,0,1,0,6,1,0,1,0,1,0,1,0,1,2,0,1,0,5,0,0,1,0,0,1,2,0,1,0,0,1,4,1,0,1,2,1,0,0,2,0,0,1,0,0,2,0,1,0,1,1,1,0,1,0,1,0,0,0,1,1,0,0,0,0,0,0,0,0,0,0,0,0,0,0,0,0,0
9,6,0,1,0,0,0,2,0,0,0,1,0,0,1,0,1,1,0,1,0,0,0,0,0,0,0,0,6,1,0,1,0,1,0,1,0,1,2,0,1,0,5,0,0,1,0,0,1,2,0,1,0,0,1,4,1,0,1,2,1,0,0,2,0,0,1,0,0,2,0,1,0,1,1,1,0,1,0,1,0,0,0,1,1,0,0,0,0,0,0,0,0,0,0,0,0,0,0,0,0,0
9,7,0,1,1,0,0,2,0,0,0,1,0,0,1,0,1,1,0,1,0,0,0,0,0,0,0,0,6,1,0,1,0,1,0,1,0,1,2,0,1,0,5,0,0,1,0,0,1,2,0,1,0,0,1,4,1,0,1,2,1,0,0,2,0,0,1,0,0,2,0,1,0,1,1,1,0,1,0,1,0,0,0,1,1,0,0,0,0,0,0,0,0,0,0,0,0,0,0,0,0,0
9,8,0,1,1,0,0,2,0,0,0,1,0,0,1,0,1,1,0,1,0,0,0,0,0,0,0,0,6,1,0,1,0,1,0,1,0,1,2,0,1,0,5,0,0,1,0,0,1,2,0,1,0,0,1,4,1,0,1,2,1,0,0,2,0,0,1,0,0,2,0,1,0,1,1,1,0,1,0,1,0,0,0,1,1,0,0,0,0,0,0,0,0,0,0,0,0,0,0,0,0,0
9,9,0,1,1,0,0,2,0,0,0,1,0,0,1,0,1,1,0,1,0,0,0,0,0,0,0,0,6,1,0,1,0,1,0,1,0,1,2,0,1,0,5,0,0,1,0,0,1,2,0,1,0,0,1,4,1,0,1,2,1,0,0,2,0,0,1,0,0,2,0,1,0,1,1,1,0,1,0,1,0,0,0,1,1,0,0,0,0,0,0,0,0,0,0,0,0,0,0,0,0,0
9,10,0,1,1,0,0,2,0,0,0,1,0,0,1,0,1,1,0,1,0,0,0,0,0,0,0,0,6,1,0,1,0,1,0,1,0,1,2,0,1,0,5,0,0,1,0,0,1,2,0,1,0,0,1,4,1,0,1,2,1,0,0,2,0,0,1,0,0,2,0,1,0,1,1,1,0,1,0,1,0,0,0,1,1,0,0,0,0,0,0,0,0,0,0,0,0,0,0,0,0,0
9,11,0,1,1,0,0,2,0,0,0,1,0,0,1,0,1,1,0,1,0,0,0,0,0,0,0,0,6,1,0,1,0,1,0,1,0,1,2,0,1,0,5,0,0,1,0,0,1,2,0,1,0,0,1,4,1,0,1,2,1,0,0,2,0,0,1,0,0,2,0,1,0,1,1,1,0,1,0,1,0,0,0,1,1,0,0,0,0,0,0,0,0,0,0,0,0,0,0,0,0,0
9,12,0,1,1,0,0,2,0,0,0,1,0,0,1,0,1,1,0,1,0,0,0,0,0,0,0,0,6,1,0,1,0,1,0,1,0,1,2,0,1,0,5,0,0,1,0,0,1,2,0,1,0,0,1,4,1,0,1,2,1,0,0,2,0,0,1,0,0,2,0,1,0,1,1,1,0,1,0,1,0,0,0,1,1,0,0,0,0,0,0,0,0,0,0,0,0,0,0,0,0,0
9,13,0,1,1,0,0,2,0,0,0,1,0,0,1,0,1,1,0,1,0,0,0,0,0,0,0,0,6,1,0,1,0,1,0,1,0,1,2,0,1,0,5,0,0,1,0,0,1,2,0,1,0,0,1,4,1,0,1,2,1,0,0,2,0,0,1,0,0,2,0,1,0,1,1,1,0,1,0,1,0,0,0,1,1,0,0,0,0,0,0,0,0,0,0,0,0,0,0,0,0,0
9,14,0,1,1,0,0,2,0,0,0,1,0,0,1,0,1,1,0,1,0,0,0,0,0,0,0,0,6,1,0,1,0,1,0,1,0,1,2,0,1,0,5,0,0,1,0,0,1,2,0,1,0,0,1,4,1,0,1,2,1,0,0,2,0,0,1,0,0,2,0,1,0,1,1,1,0,1,0,1,0,0,0,1,1,0,0,0,0,0,0,0,0,0,0,0,0,0,0,0,0,0
9,15,0,1,1,0,0,2,0,0,0,1,0,0,1,0,1,1,0,1,0,0,0,0,0,0,0,0,6,1,0,1,0,1,0,1,0,1,2,0,1,0,5,0,0,1,0,0,1,2,0,1,0,0,1,4,1,0,1,2,1,0,0,2,0,0,1,0,0,2,0,1,0,1,1,1,0,1,0,1,0,0,0,1,1,0,0,0,0,0,0,0,0,0,0,0,0,0,0,0,0,0
9,16,0,1,1,0,0,2,0,0,0,1,0,0,1,0,1,1,0,1,0,0,0,0,0,0,0,0,6,1,0,1,0,1,0,1,0,1,2,0,1,0,5,0,0,1,0,0,1,2,0,1,0,0,1,4,1,0,1,2,1,0,0,2,0,0,1,0,0,2,0,1,0,1,1,1,0,1,0,1,0,0,0,1,1,0,0,0,0,0,0,0,0,0,0,0,0,0,0,0,0,0
9,17,0,1,1,0,0,2,0,0,0,1,0,0,1,0,1,1,0,1,0,0,0,0,0,0,0,0,6,1,0,1,0,1,0,1,0,1,2,0,1,0,5,0,0,1,0,0,1,2,0,1,0,0,1,4,1,0,1,2,1,0,0,2,0,0,1,0,0,2,0,1,0,1,1,1,0,1,0,1,0,0,0,1,1,0,0,0,0,0,0,0,0,0,0,0,0,0,0,0,0,0
9,18,0,1,1,0,0,2,0,0,0,1,0,0,1,0,1,1,0,1,0,0,0,0,0,0,0,0,6,1,0,1,0,1,0,1,0,1,2,0,1,0,5,0,0,1,0,0,1,2,0,1,0,0,1,4,1,0,1,2,1,0,0,2,0,0,1,0,0,2,0,1,0,1,1,1,0,1,0,1,0,0,0,1,1,0,0,0,0,0,0,0,0,0,0,0,0,0,0,0,0,0
9,19,0,1,1,0,0,2,0,0,0,1,0,0,1,0,1,1,0,1,0,0,0,0,0,0,0,0,6,1,0,1,0,1,0,1,0,1,2,0,1,0,5,0,0,1,0,0,1,2,0,1,0,0,1,4,1,0,1,2,1,0,0,2,0,0,1,0,0,2,0,1,0,1,1,1,0,1,0,1,0,0,0,1,1,0,0,0,0,0,0,0,0,0,0,0,0,0,0,0,0,0
9,20,0,1,1,0,0,2,0,0,0,1,0,0,1,0,1,1,0,1,0,0,0,0,0,0,0,0,6,1,0,1,0,1,0,1,0,1,2,0,1,0,5,0,0,1,0,0,1,2,0,1,0,0,1,4,1,0,1,2,1,0,0,2,0,0,1,0,0,2,0,1,0,1,1,1,0,1,0,1,0,0,0,1,1,0,0,0,0,0,0,0,0,0,0,0,0,0,0,0,0,0
9,21,0,1,1,0,0,2,0,0,0,1,0,0,1,0,1,1,0,1,0,0,0,0,0,0,0,0,6,1,0,1,0,1,0,1,0,1,2,0,1,0,5,0,0,1,0,0,1,2,0,1,0,0,1,4,1,0,1,2,1,0,0,2,0,0,1,0,0,2,0,1,0,1,1,1,0,1,0,1,0,0,0,1,1,0,0,0,0,0,0,0,0,0,0,0,0,0,0,0,0,0
9,22,0,1,1,0,0,2,0,0,0,1,0,0,1,0,1,1,0,1,0,0,0,0,0,0,0,0,6,1,0,1,0,1,0,1,0,1,2,0,1,0,5,0,0,1,0,0,1,2,0,1,0,0,1,4,1,0,1,2,1,0,0,2,0,0,1,0,0,2,0,1,0,1,1,1,0,1,0,1,0,0,0,1,1,0,0,0,0,0,0,0,0,0,0,0,0,0,0,0,0,0
9,23,0,1,1,0,0,2,0,0,0,1,0,0,1,0,1,1,0,1,0,0,0,0,0,0,0,0,6,1,0,1,0,1,0,1,0,1,2,0,1,0,5,0,0,1,0,0,1,2,0,1,0,0,1,4,1,0,1,2,1,0,0,2,0,0,1,0,0,2,0,1,0,1,1,1,0,1,0,1,0,0,0,1,1,0,0,0,0,0,0,0,0,0,0,0,0,0,0,0,0,0
9,24,0,1,1,0,0,2,0,0,0,1,0,0,1,0,1,1,0,1,0,0,0,0,0,0,0,0,6,1,0,1,0,1,0,1,0,1,2,0,1,0,5,0,0,1,0,0,1,2,0,1,0,0,1,4,1,0,1,2,1,0,0,2,0,0,1,0,0,2,0,1,0,1,1,1,0,1,0,1,0,0,0,1,1,0,0,0,0,0,0,0,0,0,0,0,0,0,0,0,0,0
9,25,0,1,1,0,0,2,0,0,0,1,0,0,1,0,1,1,0,1,0,0,0,0,0,0,0,0,6,1,0,1,0,1,0,1,0,1,2,0,1,0,5,0,0,1,0,0,1,2,0,1,0,0,1,4,1,0,1,2,1,0,0,2,0,0,1,0,0,2,0,1,0,1,1,1,0,1,0,1,0,0,0,1,1,0,0,0,0,0,0,0,0,0,0,0,0,0,0,0,0,0
9,26,0,1,1,0,0,2,0,0,0,1,0,0,1,0,1,1,0,1,0,0,0,0,0,0,0,0,6,1,0,1,0,1,0,1,0,1,2,0,1,0,5,0,0,1,0,0,1,2,0,1,0,0,1,4,1,0,1,2,1,0,0,2,0,0,1,0,0,2,0,1,0,1,1,1,0,1,0,1,0,0,0,1,1,0,0,0,0,0,0,0,0,0,0,0,0,0,0,0,0,0
9,27,0,1,1,0,0,2,0,0,0,1,0,0,1,0,1,1,0,1,0,0,0,0,0,0,0,0,6,1,0,1,0,1,0,1,0,1,2,0,1,0,5,0,0,1,0,0,1,2,0,1,0,0,1,4,1,0,1,2,1,0,0,2,0,0,1,0,0,2,0,1,0,1,1,1,0,1,0,1,0,0,0,1,1,0,0,0,0,0,0,0,0,0,0,0,0,0,0,0,0,0
9,28,0,1,1,0,0,2,0,0,0,1,0,0,1,0,1,1,0,1,0,0,0,0,0,0,0,0,6,1,0,1,0,1,0,1,0,1,2,0,1,0,5,0,0,1,0,0,1,2,0,1,0,0,1,4,1,0,1,2,1,0,0,2,0,0,1,0,0,2,0,1,0,1,1,1,0,1,0,1,0,0,0,1,1,0,0,0,0,0,0,0,0,0,0,0,0,0,0,0,0,0
9,29,0,1,1,0,0,2,0,0,0,1,0,0,1,0,1,1,0,1,0,0,0,0,0,0,0,0,6,1,0,1,0,1,0,1,0,1,2,0,1,0,5,0,0,1,0,0,1,2,0,1,0,0,1,4,1,0,1,2,1,0,0,2,0,0,1,0,0,2,0,1,0,1,1,1,0,1,0,1,0,0,0,1,1,0,0,0,0,0,0,0,0,0,0,0,0,0,0,0,0,0
9,30,0,1,1,0,0,2,0,0,0,1,0,0,1,0,1,1,0,1,0,0,0,0,0,0,0,0,6,1,0,1,0,1,0,1,0,1,2,0,1,0,5,0,0,1,0,0,1,2,0,1,0,0,1,4,1,0,1,2,1,0,0,2,0,0,1,0,0,2,0,1,0,1,1,1,0,1,0,1,0,0,0,1,1,0,0,0,0,0,0,0,0,0,0,0,0,0,0,0,0,0
9,31,0,1,1,0,0,2,0,0,0,1,0,0,1,0,1,1,0,1,0,0,0,0,0,0,0,0,6,1,0,1,0,1,0,1,0,1,2,0,1,0,5,0,0,1,0,0,1,2,0,1,0,0,1,4,1,0,1,2,1,0,0,2,0,0,1,0,0,2,0,1,0,1,1,1,0,1,0,1,0,0,0,1,1,0,0,0,0,0,0,0,0,0,0,0,0,0,0,0,0,0
9,32,0,1,1,0,0,2,0,0,0,1,0,0,1,0,1,1,0,1,0,0,0,0,0,0,0,0,6,1,0,1,0,1,0,1,0,1,2,0,1,0,5,0,0,1,0,0,1,2,0,1,0,0,1,4,1,0,1,2,1,0,0,2,0,0,1,0,0,2,0,1,0,1,1,1,0,1,0,1,0,0,0,1,1,0,0,0,0,0,0,0,0,0,0,0,0,0,0,0,0,0
9,33,0,1,1,0,0,2,0,0,0,1,0,0,1,0,1,1,0,1,0,0,0,0,0,0,0,0,6,1,0,1,0,1,0,1,0,1,2,0,1,0,5,0,0,1,0,0,1,2,0,1,0,0,1,4,1,0,1,2,1,0,0,2,0,0,1,0,0,2,0,1,0,1,1,1,0,1,0,1,0,0,0,1,1,0,0,0,0,0,0,0,0,0,0,0,0,0,0,0,0,0
9,34,0,1,1,0,0,2,0,0,0,1,0,0,1,0,1,1,0,1,0,0,0,0,0,0,0,0,6,1,0,1,0,1,0,1,0,1,2,0,1,0,5,0,0,1,0,0,1,2,0,1,0,0,1,4,1,0,1,2,1,0,0,2,0,0,1,0,0,2,0,1,0,1,1,1,0,1,0,1,0,0,0,1,1,0,0,0,0,0,0,0,0,0,0,0,0,0,0,0,0,0
9,35,0,1,1,0,0,2,0,0,0,1,0,0,1,0,1,1,0,1,0,0,0,0,0,0,0,0,6,1,0,1,0,1,0,1,0,1,2,0,1,0,5,0,0,1,0,0,1,2,0,1,0,0,1,4,1,0,1,2,1,0,0,2,0,0,1,0,0,2,0,1,0,1,1,1,0,1,0,1,0,0,0,1,1,0,0,0,0,0,0,0,0,0,0,0,0,0,0,0,0,0
9,36,0,1,1,0,0,2,0,0,0,1,0,0,1,0,1,1,0,1,0,0,0,0,0,0,0,0,6,1,0,1,0,1,0,1,0,1,2,0,1,0,5,0,0,1,0,0,1,2,0,1,0,0,1,4,1,0,1,2,1,0,0,2,0,0,1,0,0,2,0,1,0,1,1,1,0,1,0,1,0,0,0,1,1,0,0,0,0,0,0,0,0,0,0,0,0,0,0,0,0,0
9,37,0,1,1,0,0,2,0,0,0,1,0,0,1,0,1,1,0,1,0,0,0,0,0,0,0,0,6,1,0,1,0,1,0,1,0,1,2,0,1,0,5,0,0,1,0,0,1,2,0,1,0,0,1,4,1,0,1,2,1,0,0,2,0,0,1,0,0,2,0,1,0,1,1,1,0,1,0,1,0,0,0,1,1,0,0,0,0,0,0,0,0,0,0,0,0,0,0,0,0,0
9,38,0,1,1,0,0,2,0,0,0,1,0,0,1,0,1,1,0,1,0,0,0,0,0,0,0,0,6,1,0,1,0,1,0,1,0,1,2,0,1,0,5,0,0,1,0,0,1,2,0,1,0,0,1,4,1,0,1,2,1,0,0,2,0,0,1,0,0,2,0,1,0,1,1,1,0,1,0,1,0,0,0,1,1,0,0,0,0,0,0,0,0,0,0,0,0,0,0,0,0,0
9,39,0,1,1,0,0,2,0,0,0,1,0,0,1,0,1,1,0,1,0,0,0,0,0,0,0,0,6,1,0,1,0,1,0,1,0,1,2,0,1,0,5,0,0,1,0,0,1,2,0,1,0,0,1,4,1,0,1,2,1,0,0,2,0,0,1,0,0,2,0,1,0,1,1,1,0,1,0,1,0,0,0,1,1,0,0,0,0,0,0,0,0,0,0,0,0,0,0,0,0,0
